Age,TotalSpend,NumTransactions,NumSupportCalls,LoginFrequency,ChurnStatus,Gender_M,MaritalStatus_Married,MaritalStatus_Single,IncomeLevel_Low,IncomeLevel_Medium,ServiceUsage_Low,ServiceUsage_Medium,ServiceUsage_Unknown
0.3392946412782148,-0.11829702461751956,1.9343645933358615,-0.6993627924998883,-0.11829377912512032,0,True,False,False,True,False,False,True,False
1.0573200908332843,-1.0203179333175176,-0.6217828706031691,-1.4842817515345554,-0.22859256843581255,0,True,False,True,False,True,False,False,True
-0.2130326276103002,-0.9246841975734627,-0.9413013035955479,0.0855561665347787,-1.034560382222488,0,False,False,False,True,False,False,False,True
-0.9862908040542212,-0.1657736206626832,-0.9413013035955479,-0.6993627924998883,0.005593967346567409,0,True,False,True,True,False,False,False,False
0.5602255488336209,-0.6051880943005948,-0.6217828706031691,0.8704751255694457,0.9200871386218623,0,True,False,False,False,True,False,False,False
-1.3729198922761818,0.37400015007975895,0.975809294358725,0.0855561665347787,-0.8841996276401599,1,False,True,False,True,False,False,False,False
1.5544146328329478,0.09781658240185159,-1.5803381695803056,-0.6993627924998883,-0.054412375618317445,1,True,False,False,False,False,False,False,True
-0.6548944427211122,0.9951008608477141,-0.30226443761079025,0.0855561665347787,-0.056429063402768764,0,True,False,False,False,True,False,False,False
0.3392946412782148,0.23361259960744624,-0.9413013035955479,-0.6993627924998883,-0.875155462320826,1,True,False,True,True,False,False,False,False
1.3887164521663933,-0.44860654820806944,1.6148461603434827,0.0855561665347787,-0.9291671376934612,0,True,True,False,False,True,False,False,False
-0.7653598964988152,0.16556980283395584,-0.9413013035955479,2.44031304363878,3.3658489580405506,1,True,False,False,False,True,False,True,False
-0.5444289889434092,-0.7137408898571871,-1.8998566025726844,0.8704751255694457,-0.5106217088446637,0,False,True,False,False,True,True,False,False
-1.2072217116096273,-0.6655241029705902,0.6562908613663462,1.6553940846041129,-0.7858295657369893,0,True,False,False,True,False,True,False,False
-1.2072217116096273,0.6498127549970935,-0.9413013035955479,0.0855561665347787,-0.8654152123177552,0,True,False,False,False,False,False,False,True
-0.4891962620545577,-0.41616762264395946,-0.30226443761079025,0.0855561665347787,0.1717599266429965,0,True,True,False,False,False,False,False,True
1.1125528177221358,0.7001513666428532,0.975809294358725,-1.4842817515345554,-0.011304124092535995,1,True,False,False,True,False,False,True,False
0.1735964606116603,0.8404894349630045,-0.6217828706031691,0.0855561665347787,0.09244807985241577,0,True,True,False,False,True,True,False,False
0.3945273681670663,1.084198600021575,-0.9413013035955479,-0.6993627924998883,-0.9741912675955338,0,False,False,False,True,False,False,False,False
-0.4891962620545577,1.6762521213974737,0.975809294358725,-0.6993627924998883,1.464420006602878,0,True,False,True,True,False,False,False,False
-1.6490835267204393,-0.44656090147416766,0.975809294358725,0.0855561665347787,-0.5189300212830167,0,False,True,False,True,False,False,False,True
-0.5996617158322607,-0.6453399056314177,0.33677242837396737,0.8704751255694457,-0.6519248914925275,0,False,False,False,False,True,True,False,False
1.1125528177221358,-0.10515166230986528,1.295327727351104,-0.6993627924998883,-0.3741965671530158,0,True,False,False,True,False,False,False,True
-1.7043162536092908,-0.557030394778963,0.975809294358725,0.0855561665347787,-0.5174424117087166,1,True,False,True,False,True,False,False,True
-0.4891962620545577,-0.05405605324615984,0.6562908613663462,-0.6993627924998883,1.1829106131286926,1,True,True,False,True,False,False,False,False
0.6154582757224724,0.2817027042951517,-0.9413013035955479,0.0855561665347787,1.928594412756089,1,True,False,False,False,False,False,False,False
-0.1577999007214487,0.21901702911244628,-0.6217828706031691,-0.6993627924998883,-0.6682047442560622,0,False,False,True,True,False,True,False,False
0.2840619143893633,-0.5510727963593091,0.975809294358725,-0.6993627924998883,1.1859007281627452,1,True,False,False,True,False,False,False,True
-1.7043162536092908,-0.8679834185871561,0.33677242837396737,0.8704751255694457,0.6482317115927371,0,True,True,False,False,False,False,True,False
1.4991819059440963,-0.44744604073907407,-0.30226443761079025,0.8704751255694457,1.9536950074377861,0,True,False,False,False,True,True,False,False
-0.6548944427211122,-0.8997147811468112,0.6562908613663462,-0.6993627924998883,-0.758568945632881,0,True,False,False,False,True,False,False,True
0.007898279945105802,1.3707946233061514,1.9343645933358615,-1.4842817515345554,-0.1020227943500892,1,True,False,False,True,False,True,False,False
-1.1519889847207758,-0.6006184134236228,0.017253995381588543,0.8704751255694457,-0.7143750956133671,1,True,False,False,False,False,True,False,False
1.3887164521663933,-0.8843125898341341,0.6562908613663462,0.8704751255694457,0.8943089690010669,1,False,False,True,False,True,True,False,False
-0.5996617158322607,-1.0412592593671204,-0.6217828706031691,0.8704751255694457,-1.072724596062989,1,False,False,True,True,False,False,True,False
1.5544146328329478,0.07744207714538366,0.33677242837396737,-1.4842817515345554,-0.13414636296832108,1,True,True,False,False,False,False,True,False
0.6154582757224724,0.0499510293283144,-0.30226443761079025,-1.4842817515345554,-0.6083821198980779,1,True,False,True,False,True,False,False,False
-0.4339635351657062,-0.6094927265871287,1.295327727351104,-1.4842817515345554,-0.6364176119772295,0,True,False,True,False,True,False,False,False
0.8916219101667299,-0.987504836273686,0.33677242837396737,1.6553940846041129,0.09676982764117693,0,False,True,False,False,False,False,False,True
-0.32349808138800323,-0.4872833819463985,2.573401459320619,-0.6993627924998883,1.086482464024495,0,True,False,True,False,False,True,False,False
1.4439491790552448,-0.6576828923123258,0.017253995381588543,0.8704751255694457,-0.01203040037514918,0,False,False,True,False,False,False,False,True
0.5049928219447694,0.17969861792454792,-1.2608197365879268,-1.4842817515345554,1.0994651143312184,0,True,True,False,False,False,False,False,False
-0.26826535449915173,-0.04094295049113238,-0.6217828706031691,-1.4842817515345554,-0.7298378711875511,0,True,True,False,True,False,False,True,False
1.4991819059440963,-0.5685331756155536,0.33677242837396737,1.6553940846041129,-0.24662029509362426,0,True,True,False,False,False,False,False,False
-0.9310580771653697,-0.7981219490058717,-0.30226443761079025,-0.6993627924998883,-0.3988979164464617,1,True,False,False,False,True,False,False,True
-0.9862908040542212,3.3210685223259553,-1.5803381695803056,0.0855561665347787,-1.065486674885034,1,False,False,False,False,True,False,False,False
1.6096473597217993,-0.40092509980932006,0.6562908613663462,1.6553940846041129,-0.1548469256947043,0,False,True,False,True,False,False,False,True
1.6096473597217993,0.21855323488986403,-0.9413013035955479,-0.6993627924998883,0.1511885156390378,0,True,True,False,False,True,False,False,True
0.7811564563890269,-0.9023428349527584,-0.6217828706031691,-1.4842817515345554,-0.06115796869246271,0,True,True,False,False,True,False,False,True
1.6096473597217993,-0.335058535083228,1.6148461603434827,-0.6993627924998883,0.434541545986919,0,False,False,False,False,False,False,False,True
1.0020873639444328,-1.0388876266072138,1.295327727351104,0.0855561665347787,-0.11700590995549763,1,False,False,False,False,True,False,False,False
0.6154582757224724,-0.2915305526272032,-0.6217828706031691,-0.6993627924998883,-1.0003501052169792,0,False,False,True,True,False,False,False,True
1.2230182714998388,2.6048641602216835,-1.5803381695803056,-0.6993627924998883,-0.9382215383952558,0,False,False,True,False,False,False,False,True
1.0573200908332843,-0.5338803019882965,-1.8998566025726844,-0.6993627924998883,-0.048399045076407424,1,True,True,False,False,False,True,False,False
1.3334837252775418,-1.0257863792955297,-0.9413013035955479,0.8704751255694457,-0.713694698567104,1,False,False,False,True,False,False,False,True
-1.6490835267204393,-1.0349948805318467,-0.6217828706031691,-0.6993627924998883,-0.9845527972989897,0,True,False,False,False,False,False,False,False
0.22882918750051182,-0.527074877795596,-1.2608197365879268,-0.6993627924998883,-0.44135113616516375,1,False,False,False,False,False,False,False,True
1.0020873639444328,-0.877014060084153,2.573401459320619,0.8704751255694457,-0.1612069864579812,0,False,True,False,True,False,False,True,False
-1.4281526191650333,-1.0436334002361436,-0.6217828706031691,-0.6993627924998883,-0.6262095925887995,0,False,False,True,False,False,False,True,False
-0.6548944427211122,0.49025599215280535,-0.6217828706031691,0.0855561665347787,0.36829008223704107,0,False,True,False,True,False,False,False,True
-1.3176871653873303,-0.39173455215756736,-0.9413013035955479,-1.4842817515345554,0.09314423338212205,0,False,False,True,True,False,False,True,False
0.3392946412782148,-0.6923902481496103,-0.9413013035955479,-0.6993627924998883,-0.6193003978006738,0,True,False,True,False,True,False,True,False
-0.8205926233876667,1.4760795918982876,0.6562908613663462,0.8704751255694457,0.5175500481857054,0,True,True,False,False,True,False,False,False
-1.5938507998315878,-0.9333013339154557,-0.9413013035955479,-0.6993627924998883,0.108949139259487,0,False,False,True,False,False,True,False,False
-0.4339635351657062,2.380503278972169,-1.2608197365879268,1.6553940846041129,0.0731610280021997,1,False,False,True,False,False,False,True,False
1.4991819059440963,-0.6532625846376763,1.295327727351104,0.0855561665347787,-0.16348451066287434,0,True,False,False,True,False,False,True,False
-1.0415235309430728,1.3538951673763784,-1.5803381695803056,-1.4842817515345554,-1.0657798392131979,0,False,False,True,False,False,True,False,False
0.9468546370555814,-0.04886655421677996,-0.6217828706031691,1.6553940846041129,0.2750533693330393,1,False,True,False,True,False,True,False,False
1.3887164521663933,0.8674861555141086,0.975809294358725,0.0855561665347787,-0.5432530046749663,0,True,True,False,True,False,False,True,False
-1.3176871653873303,3.3210685223259553,0.33677242837396737,-0.6993627924998883,2.166030305431389,1,False,False,True,False,False,False,False,True
-0.37873080827685474,-0.6936946611062992,-1.2608197365879268,-0.6993627924998883,0.8555428199610806,0,False,False,False,True,False,False,True,False
1.1125528177221358,2.519709486382917,-0.6217828706031691,0.0855561665347787,-0.07283855645633215,0,True,False,False,False,True,False,False,True
-1.7043162536092908,-0.524371497277935,-1.5803381695803056,-0.6993627924998883,-0.7488456622276446,0,True,False,True,False,False,False,False,True
-0.7101271696099637,-0.5315352277145317,-0.6217828706031691,0.0855561665347787,-0.8201420745434961,0,True,False,True,False,True,False,False,True
-0.26826535449915173,-0.6098564936380912,0.017253995381588543,0.0855561665347787,-0.6063503892413389,0,False,True,False,False,False,True,False,False
0.7811564563890269,-0.20811132117777262,0.33677242837396737,-0.6993627924998883,-0.34379158717328334,0,True,False,True,True,False,False,True,False
1.4991819059440963,-0.8847238757186461,-0.6217828706031691,-0.6993627924998883,-0.6801835196312074,0,True,False,False,False,False,False,True,False
-1.4281526191650333,-0.17805305474417535,1.6148461603434827,2.44031304363878,-0.2573734652354253,0,True,False,True,False,True,False,False,False
0.6154582757224724,-0.20739480384783754,-0.9413013035955479,-0.6993627924998883,-0.8735439578966155,0,True,True,False,True,False,True,False,False
1.5544146328329478,0.5163498609862387,0.6562908613663462,2.44031304363878,3.239956393938341,0,True,True,False,False,False,False,False,False
-1.3729198922761818,0.9126766499970729,0.017253995381588543,1.6553940846041129,-0.9491187639756665,0,True,True,False,False,False,False,False,False
0.7811564563890269,-0.4280392231101455,-0.30226443761079025,0.0855561665347787,1.9724984048513472,0,False,True,False,False,False,False,False,True
0.11836373372280881,-0.6718476483099384,-0.30226443761079025,-0.6993627924998883,1.70123800510813,0,False,True,False,False,True,True,False,False
-1.0415235309430728,-0.7379487515666946,-0.30226443761079025,-0.6993627924998883,-0.23269156895948073,0,True,False,True,False,True,False,False,False
-0.8758253502765182,-0.8305246246917044,-1.2608197365879268,0.8704751255694457,0.3866177459380091,1,True,False,True,False,False,False,True,False
0.1735964606116603,-1.0041245194975157,2.25388302632824,0.0855561665347787,-0.42844802750499367,0,True,False,True,True,False,False,False,False
0.9468546370555814,-0.6063979095966511,0.33677242837396737,-0.6993627924998883,0.05018703221141622,1,False,False,True,True,False,True,False,False
0.3945273681670663,-0.7215432354462673,0.017253995381588543,1.6553940846041129,-0.6060214024455863,0,False,True,False,False,True,False,True,False
-1.5938507998315878,2.6811553306169578,-0.9413013035955479,0.0855561665347787,-0.6719382102128095,0,False,False,False,True,False,False,True,False
-1.7043162536092908,-0.1681089817107671,-0.30226443761079025,-0.6993627924998883,-0.09860742263318145,0,False,False,True,False,True,False,True,False
1.6096473597217993,-0.5982510785916257,-1.2608197365879268,0.8704751255694457,-0.2960307694709922,1,False,False,False,False,False,False,False,True
-1.4833853460538848,-0.10972172587023388,-0.9413013035955479,0.0855561665347787,-0.09508468153194526,0,False,False,True,False,True,False,True,False
1.1677855446109873,-0.9040856044897082,-0.9413013035955479,1.6553940846041129,-0.6952525102799392,0,False,False,True,False,True,False,False,True
0.5049928219447694,-0.4209007635250769,0.975809294358725,1.6553940846041129,-0.5596635647216541,0,False,False,False,False,False,False,False,True
-1.5938507998315878,0.017946400173712462,0.33677242837396737,-0.6993627924998883,-0.9792941470149957,0,False,True,False,True,False,False,False,False
1.1677855446109873,-0.3279278709625336,-0.30226443761079025,1.6553940846041129,-1.0178238923139524,0,True,False,True,False,True,False,False,False
-0.2130326276103002,-0.5018827763808503,-0.30226443761079025,-1.4842817515345554,-0.7469079859251203,0,True,False,True,False,True,False,True,False
-0.8205926233876667,3.3210685223259553,0.017253995381588543,0.8704751255694457,-0.9911928997482862,0,True,False,True,False,False,True,False,False
-0.37873080827685474,1.2765536416935974,0.975809294358725,0.8704751255694457,-0.9543882506404353,0,True,False,False,True,False,False,True,False
0.6154582757224724,0.00961430345978793,0.6562908613663462,0.0855561665347787,0.8244318768619037,0,False,True,False,False,True,False,False,False
0.06313100683395731,-0.13855898713609677,-0.9413013035955479,0.8704751255694457,-1.0337680990135591,1,False,False,False,False,False,False,True,False
-1.2624544384984788,0.0015860167488497825,0.975809294358725,-0.6993627924998883,0.1425618116697482,1,True,False,False,False,True,False,False,False
1.6096473597217993,-0.8213078016321647,0.6562908613663462,1.6553940846041129,-0.7174803938682428,0,False,True,False,False,False,False,True,False
0.1735964606116603,-0.5140848168402873,0.017253995381588543,0.8704751255694457,1.2512464680268935,0,True,False,False,True,False,True,False,False
-1.0415235309430728,-1.0252531611537214,-1.5803381695803056,-1.4842817515345554,-0.3253694410432797,1,False,True,False,True,False,False,True,False
-0.1025671738325972,-0.3564299557176214,1.6148461603434827,0.0855561665347787,-0.6647385075304423,0,True,False,True,True,False,True,False,False
0.8363891832778784,-0.20420740714321475,-0.6217828706031691,-0.6993627924998883,-0.2510137665942829,0,False,True,False,True,False,True,False,False
-0.9862908040542212,-0.7841036864459934,0.017253995381588543,-1.4842817515345554,-0.5324361102460794,1,False,False,True,False,True,False,True,False
-1.3729198922761818,2.6052156081657585,0.975809294358725,0.8704751255694457,-0.13549728416396598,0,True,False,False,False,True,True,False,False
-1.0415235309430728,1.5849310806144716,0.017253995381588543,-0.6993627924998883,-0.9406766990438421,0,False,False,False,True,False,True,False,False
-0.5444289889434092,0.34567582869035124,0.975809294358725,-0.6993627924998883,3.767208663271576,1,True,False,True,True,False,False,False,False
1.4991819059440963,-0.22727533514128156,0.975809294358725,-0.6993627924998883,-0.449378100976007,0,True,False,False,True,False,False,False,False
1.3334837252775418,1.1849222014876915,-0.6217828706031691,1.6553940846041129,-0.592764485151297,1,True,True,False,False,True,True,False,False
1.6096473597217993,-0.9150021572273461,0.017253995381588543,0.8704751255694457,0.3275095258247213,1,True,False,True,True,False,False,False,True
0.3945273681670663,0.657827375516673,-2.219375035565063,-1.4842817515345554,-0.565135794370915,1,False,False,False,True,False,False,True,False
-0.6548944427211122,-0.9223912826100943,0.017253995381588543,-0.6993627924998883,0.9551626722244082,0,False,False,True,True,False,True,False,False
-0.9310580771653697,0.6775271456143434,1.295327727351104,1.6553940846041129,-0.3911553834840878,0,False,True,False,False,False,False,True,False
0.6706910026113239,-0.7131513771802502,-0.9413013035955479,0.0855561665347787,0.3647408555888036,0,True,True,False,True,False,False,False,False
-0.8205926233876667,1.2471737396025764,0.6562908613663462,-0.6993627924998883,-0.9497185035668877,0,False,False,False,False,False,False,True,False
0.7811564563890269,2.116829497366982,0.33677242837396737,0.0855561665347787,1.0461888558774703,0,True,True,False,False,False,True,False,False
1.1125528177221358,-0.8916912583055987,-1.2608197365879268,-0.6993627924998883,0.4321249231020897,0,False,False,True,True,False,True,False,False
-0.4891962620545577,-0.38322577948833253,0.975809294358725,0.8704751255694457,-0.8086783409887478,0,False,True,False,False,False,True,False,False
-0.37873080827685474,3.309932341544225,0.6562908613663462,0.8704751255694457,-0.9005423409684895,0,False,False,True,True,False,True,False,False
-0.4339635351657062,-0.33973733607812784,0.975809294358725,2.44031304363878,-0.6470812812127691,0,True,False,True,False,True,False,False,True
1.4991819059440963,1.131644388213864,0.6562908613663462,-0.6993627924998883,3.159233990760309,1,False,True,False,False,True,False,False,True
1.4991819059440963,-0.08773350389146475,1.9343645933358615,0.8704751255694457,-0.7417642692017531,1,False,False,False,False,True,False,False,True
1.4991819059440963,-0.5496988537421635,-1.8998566025726844,-0.6993627924998883,-0.3872863728770768,1,True,True,False,False,True,True,False,False
0.6706910026113239,-0.6977594527403066,0.975809294358725,1.6553940846041129,-1.0441789580624927,0,False,False,True,False,False,False,False,True
0.4497600950559178,-0.8186601768658266,0.975809294358725,0.0855561665347787,-0.5040324588843672,1,True,False,True,True,False,False,True,False
-0.2130326276103002,0.5158689610370057,-0.6217828706031691,0.8704751255694457,-0.1170575928992467,1,False,True,False,True,False,True,False,False
-0.9862908040542212,-0.5296835975686456,1.9343645933358615,-0.6993627924998883,2.395813760937927,0,True,False,False,True,False,False,False,False
0.6706910026113239,-0.27844573162212544,0.33677242837396737,0.0855561665347787,-0.2531370251895343,0,True,False,False,False,True,True,False,False
-1.7595489804981423,-0.3204907395872177,-0.6217828706031691,0.0855561665347787,0.8625668878051332,0,False,False,True,False,True,False,True,False
-0.4339635351657062,-0.11809011918786534,0.6562908613663462,0.0855561665347787,-0.17939022908129215,0,True,False,True,True,False,False,False,True
-1.4281526191650333,1.1482074507465614,0.6562908613663462,-0.6993627924998883,-1.0315079848091977,0,True,False,False,False,True,True,False,False
-1.3176871653873303,3.2956068603282422,-0.6217828706031691,1.6553940846041129,-0.6492116658628003,0,True,True,False,True,False,False,False,True
-0.4891962620545577,-0.4911046472469912,-0.30226443761079025,-0.6993627924998883,-0.10579982162750959,1,True,False,True,True,False,True,False,False
-1.7595489804981423,0.8726743624201269,-0.6217828706031691,-0.6993627924998883,2.336115028058764,0,True,False,True,True,False,False,True,False
0.6154582757224724,0.52860725742242,1.9343645933358615,0.0855561665347787,1.1464933533233492,0,True,False,False,True,False,True,False,False
-1.3729198922761818,-0.1278517811719146,-0.30226443761079025,0.0855561665347787,-0.7844562834609364,1,False,True,False,True,False,False,False,True
-0.4891962620545577,2.383725182808243,-1.8998566025726844,2.44031304363878,-0.7965247105088361,0,True,False,False,True,False,False,False,True
-1.2072217116096273,-0.8224662709143269,-1.2608197365879268,-1.4842817515345554,-0.8237643022826701,1,True,True,False,True,False,False,True,False
1.0020873639444328,-0.9418647282867229,-0.30226443761079025,-1.4842817515345554,1.824938991965764,0,False,True,False,False,True,True,False,False
-0.8758253502765182,1.0566088914776537,-0.9413013035955479,0.0855561665347787,1.095552652644316,1,False,True,False,True,False,False,False,False
-1.3729198922761818,-0.43058732021749435,0.975809294358725,-0.6993627924998883,0.6142401064699348,0,False,False,True,True,False,True,False,False
0.11836373372280881,1.0049119781267075,0.975809294358725,1.6553940846041129,-0.5124630725808786,0,False,False,False,False,True,False,True,False
0.11836373372280881,1.4013129495749295,0.6562908613663462,1.6553940846041129,-0.2818001121303019,0,False,False,False,False,True,False,False,False
0.007898279945105802,-0.9984686409622792,-0.30226443761079025,0.0855561665347787,-0.37002802218165953,1,False,True,False,False,True,False,True,False
1.4439491790552448,1.3060321461391142,-0.6217828706031691,-0.6993627924998883,-0.7469977471796009,1,False,False,True,True,False,True,False,False
-1.5386180729427363,-0.412368614787461,-0.6217828706031691,-0.6993627924998883,-0.2803161755872232,0,True,False,True,False,False,False,False,False
0.5049928219447694,-0.28035045503674366,-0.9413013035955479,1.6553940846041129,-1.0436212706839858,1,True,False,False,False,False,False,True,False
0.3392946412782148,0.01900608910152832,-0.30226443761079025,-0.6993627924998883,-0.9183035785525527,0,False,False,True,False,True,False,False,True
1.3887164521663933,1.8136825295571186,-1.2608197365879268,2.44031304363878,1.3926712224487112,0,True,False,True,False,False,False,False,False
0.4497600950559178,-1.0484167767519579,0.017253995381588543,-1.4842817515345554,0.5028571480136285,1,True,True,False,False,True,False,False,False
-0.26826535449915173,-0.3536923483140301,0.017253995381588543,-0.6993627924998883,-0.4546775139770114,0,True,False,True,True,False,False,True,False
-1.4281526191650333,0.21659713658698376,0.33677242837396737,0.8704751255694457,-0.25216319996753367,0,False,True,False,False,False,False,False,True
-1.3176871653873303,0.34792044284855644,-1.2608197365879268,-0.6993627924998883,-0.5541961397884395,1,False,False,False,True,False,False,False,False
-1.3729198922761818,0.233754956290942,0.017253995381588543,0.8704751255694457,0.4540824294850456,1,True,False,True,False,False,False,True,False
-1.1519889847207758,-0.9101824417443701,-0.6217828706031691,0.0855561665347787,0.6621614936006152,1,False,False,False,True,False,False,False,False
0.06313100683395731,-0.676491704691729,0.975809294358725,0.0855561665347787,0.5572005513661441,1,True,False,False,False,False,False,False,False
0.007898279945105802,-0.5787108486140882,-0.30226443761079025,-0.6993627924998883,0.3771702443458503,0,True,False,True,True,False,False,False,False
0.8363891832778784,0.7338628789776946,0.975809294358725,0.0855561665347787,-0.8190194406643547,1,True,False,True,True,False,False,False,True
1.2230182714998388,-0.7085754081484348,0.33677242837396737,-1.4842817515345554,-0.6104994839975619,0,True,False,False,False,False,True,False,False
-0.5444289889434092,-0.8082327481773117,-0.9413013035955479,-0.6993627924998883,-0.35828074300765234,1,False,False,True,True,False,True,False,False
1.6096473597217993,2.4195252352880168,0.33677242837396737,-1.4842817515345554,-0.6227418990084513,0,False,True,False,True,False,False,False,True
-0.4891962620545577,-1.0599094725830145,0.017253995381588543,2.44031304363878,0.5178635342512502,0,False,True,False,True,False,False,False,True
0.22882918750051182,3.3210685223259553,-1.2608197365879268,1.6553940846041129,-0.6251815106350078,0,True,False,True,False,False,False,True,False
0.11836373372280881,0.17867442663079328,-0.30226443761079025,0.8704751255694457,-0.9098742392988886,0,False,False,False,False,False,False,False,False
0.6154582757224724,0.8787811165885606,-2.219375035565063,-0.6993627924998883,-0.5006124611282544,0,True,False,True,True,False,False,False,True
0.3945273681670663,-0.6840008296019662,0.6562908613663462,0.0855561665347787,3.3580490808418952,1,False,False,True,True,False,False,True,False
-0.5996617158322607,-1.0538130440915223,-0.9413013035955479,-0.6993627924998883,-0.7880909833912967,1,True,False,False,False,False,True,False,False
-0.32349808138800323,0.4100708052223381,-0.9413013035955479,1.6553940846041129,-0.0033885050097271384,0,True,False,False,False,False,True,False,False
0.11836373372280881,0.9159679316547735,-0.30226443761079025,-0.6993627924998883,-0.43462254317294174,1,True,True,False,True,False,True,False,False
-1.7595489804981423,0.4211162694868463,0.975809294358725,-1.4842817515345554,-0.9951380268096873,0,False,False,False,True,False,True,False,False
0.11836373372280881,-0.8993845501221889,-0.6217828706031691,0.8704751255694457,-0.3189927557442186,0,False,True,False,True,False,False,True,False
0.22882918750051182,0.4776982773277727,0.975809294358725,-0.6993627924998883,0.29641696885804847,0,False,False,False,False,True,False,False,False
0.7811564563890269,0.5494310294502219,-0.9413013035955479,0.8704751255694457,-0.26136786124091616,1,False,False,True,False,False,False,True,False
-1.0415235309430728,0.11786013775599988,0.017253995381588543,-1.4842817515345554,1.256210463510767,1,True,True,False,False,True,False,False,False
-1.6490835267204393,0.5360867800112711,1.295327727351104,0.0855561665347787,-0.6916234091721232,0,False,True,False,False,False,True,False,False
-1.7595489804981423,0.9973729857105432,-0.30226443761079025,0.0855561665347787,-0.9763763727903056,0,False,True,False,False,False,False,False,True
-1.5386180729427363,-0.018784460765572,0.975809294358725,-0.6993627924998883,2.0523423108386623,0,True,False,True,False,False,False,False,True
-0.37873080827685474,-0.9672066153556215,0.017253995381588543,0.8704751255694457,-0.5393256534015055,0,True,False,True,False,False,False,False,True
1.2230182714998388,-0.33067084131930136,1.9343645933358615,0.8704751255694457,-0.10350761772950964,0,True,False,True,False,False,False,False,False
-1.0415235309430728,-0.9804128797698857,1.9343645933358615,-0.6993627924998883,0.7040443243912342,0,False,False,True,False,False,True,False,False
0.3392946412782148,-0.491181467417737,0.017253995381588543,-0.6993627924998883,-0.6336820048045133,0,True,False,True,False,False,False,True,False
-0.32349808138800323,-0.49199554491824726,0.017253995381588543,0.8704751255694457,0.3510829289560084,1,True,True,False,False,True,False,False,True
-1.3176871653873303,-0.9942730485484909,-1.2608197365879268,-0.6993627924998883,-0.9135746860335761,0,True,False,True,True,False,False,False,False
-0.9862908040542212,-0.5956344210354473,2.573401459320619,-1.4842817515345554,-0.6878540403055079,0,False,True,False,True,False,False,False,True
-0.9862908040542212,-0.9397111935963488,0.6562908613663462,-0.6993627924998883,-0.9013064037813299,0,True,False,True,False,True,False,True,False
-0.37873080827685474,0.7555387866577339,-0.30226443761079025,0.8704751255694457,0.814173624524158,1,False,False,False,False,True,True,False,False
0.5049928219447694,2.1912944187740657,0.6562908613663462,1.6553940846041129,-0.792821719563461,1,False,True,False,False,True,False,True,False
1.4991819059440963,-0.9867847680724364,-0.6217828706031691,0.0855561665347787,0.35605006894180097,1,True,False,False,False,True,True,False,False
-1.0967562578319243,2.3605356668743127,-0.30226443761079025,-1.4842817515345554,2.179737497585506,0,True,True,False,False,False,True,False,False
1.0020873639444328,-0.25258832930623243,0.975809294358725,0.0855561665347787,-0.22690773152870786,1,False,False,False,True,False,True,False,False
-0.0473344469437457,-0.6762233469396394,-0.30226443761079025,-0.6993627924998883,-0.1970486637524407,0,True,False,True,False,False,False,False,True
0.3392946412782148,-0.9813558393675658,-1.5803381695803056,0.8704751255694457,-0.3769973436695273,0,True,False,True,True,False,False,True,False
0.8916219101667299,-0.30227444950266785,-0.30226443761079025,0.0855561665347787,-0.6310298650714599,0,False,False,True,True,False,False,False,True
1.0573200908332843,0.6791657998135966,0.33677242837396737,0.0855561665347787,-0.3457700893687119,0,False,True,False,False,True,False,True,False
1.5544146328329478,0.2873504643289888,-0.30226443761079025,0.0855561665347787,-0.03043881161687871,1,True,False,False,False,False,False,False,False
-0.0473344469437457,-1.0127948266407987,0.017253995381588543,-1.4842817515345554,3.767179158160601,1,False,False,True,False,True,False,False,False
-1.5938507998315878,-0.9860871513070576,0.017253995381588543,0.8704751255694457,2.0740072985972264,0,True,False,False,False,False,False,True,False
-0.1577999007214487,-0.49985882079387434,2.573401459320619,0.0855561665347787,1.1711203018266414,0,True,False,False,True,False,False,True,False
0.22882918750051182,-0.6829488059864395,1.6148461603434827,-1.4842817515345554,1.418398787881917,0,True,False,True,False,True,False,True,False
-0.5444289889434092,-0.7774507097259524,0.33677242837396737,0.0855561665347787,-0.36254793808523583,0,False,False,True,False,True,False,True,False
0.3392946412782148,-0.705130342857901,0.975809294358725,0.0855561665347787,0.13758428445749532,0,True,False,False,True,False,True,False,False
0.6706910026113239,0.7284817622649261,0.6562908613663462,0.0855561665347787,1.4808781054964635,1,True,False,True,True,False,False,False,True
-0.9862908040542212,1.857249579788355,0.017253995381588543,0.0855561665347787,-0.5120598024675332,1,True,False,True,True,False,True,False,False
0.5602255488336209,-0.49572461221835745,-0.30226443761079025,0.8704751255694457,2.62706539632964,0,False,False,True,False,True,False,False,True
-0.2130326276103002,1.5448529256705774,1.6148461603434827,-0.6993627924998883,-0.46852583756456606,1,False,True,False,False,False,False,False,True
0.1735964606116603,-0.6410658986224197,1.295327727351104,0.0855561665347787,-0.035358746563862696,0,False,False,False,False,True,False,False,True
-1.0967562578319243,-0.35455076381231826,0.017253995381588543,0.0855561665347787,0.3259233224763633,0,False,False,False,False,False,True,False,False
-0.0473344469437457,-0.7865636571226117,0.33677242837396737,0.8704751255694457,2.3360701506742623,0,False,True,False,False,True,False,True,False
-1.4281526191650333,0.06088304497944821,2.573401459320619,0.0855561665347787,-0.7602747621335222,0,True,False,False,False,True,True,False,False
1.4439491790552448,3.199056609072722,0.6562908613663462,1.6553940846041129,0.4777657694121471,1,False,False,True,True,False,True,False,False
1.0020873639444328,-0.04733391231064572,2.25388302632824,0.0855561665347787,-0.24351176330362703,0,False,False,False,False,False,False,False,True
-0.5996617158322607,-0.5802633723250873,0.975809294358725,-0.6993627924998883,-0.723707440064213,0,False,False,True,False,True,False,False,False
-0.26826535449915173,0.08368542340331805,0.33677242837396737,-0.6993627924998883,0.6229656869894866,0,True,True,False,False,True,False,False,False
-1.7043162536092908,-0.9247883107706215,0.6562908613663462,-1.4842817515345554,-0.16654511667395494,1,False,False,True,True,False,True,False,False
0.5049928219447694,1.356427603786901,1.9343645933358615,0.0855561665347787,0.14934339078381886,0,False,False,False,True,False,False,False,True
0.6706910026113239,-0.29681712229304824,0.33677242837396737,1.6553940846041129,-0.6360531880616095,1,True,False,False,False,False,True,False,False
1.6096473597217993,-0.4103018014464339,-0.6217828706031691,-0.6993627924998883,-0.3335374742388192,1,False,False,False,False,True,True,False,False
1.3334837252775418,-0.09541081712133145,-0.30226443761079025,-1.4842817515345554,0.011924214603017605,0,True,True,False,False,False,False,True,False
1.1125528177221358,0.013665637146685491,-1.2608197365879268,0.0855561665347787,-0.4894670631202007,0,True,True,False,False,True,False,False,True
-1.4833853460538848,-0.9874287322364705,-1.5803381695803056,-1.4842817515345554,-0.8277376583113476,1,True,False,False,False,False,False,False,False
-0.26826535449915173,0.19867581598377376,-1.5803381695803056,-1.4842817515345554,2.623449011745951,0,True,False,True,True,False,False,False,False
-0.26826535449915173,-0.7636178866194165,0.6562908613663462,0.8704751255694457,-0.26544799938679137,1,True,True,False,False,True,False,False,False
0.6154582757224724,0.31356675984288124,-1.2608197365879268,0.0855561665347787,0.4244282565829183,0,False,False,False,False,False,True,False,False
0.6154582757224724,0.8411893610543718,2.573401459320619,0.8704751255694457,-0.4776984564195894,0,True,False,False,True,False,False,False,True
-0.7101271696099637,0.7311607697849439,1.9343645933358615,-0.6993627924998883,-0.5806785179171515,1,True,True,False,True,False,False,True,False
-0.1577999007214487,-0.18104686154594993,-2.219375035565063,-0.6993627924998883,-0.48515939607759634,1,False,True,False,False,False,False,False,False
1.6096473597217993,-0.2581458839965069,0.33677242837396737,0.0855561665347787,-0.48126038282538475,1,True,True,False,False,True,False,False,True
-1.2072217116096273,-0.8993514445891437,-0.6217828706031691,1.6553940846041129,-0.18675600513929855,0,False,False,True,False,True,False,False,False
1.3887164521663933,0.5805890256749849,0.33677242837396737,0.8704751255694457,-0.18852376572966723,1,False,False,True,True,False,False,True,False
1.2230182714998388,-0.7197824087079829,-0.6217828706031691,-0.6993627924998883,-0.29823633227613644,1,False,False,False,False,True,False,False,True
-0.26826535449915173,-0.3109359120288163,-0.6217828706031691,1.6553940846041129,-0.9144057407069901,1,True,True,False,False,True,True,False,False
-0.4339635351657062,-0.7000928600802663,-0.30226443761079025,-0.6993627924998883,-0.30066853811930094,0,True,False,True,False,True,True,False,False
0.3392946412782148,-0.9109569504535447,-0.9413013035955479,0.8704751255694457,-0.868453712695555,0,True,True,False,True,False,False,False,False
1.6096473597217993,0.027817704574917522,-1.5803381695803056,-0.6993627924998883,-0.925700488094659,1,False,False,False,False,False,False,False,False
0.007898279945105802,-1.0080063411375508,-0.6217828706031691,-0.6993627924998883,1.9842637460986299,0,True,False,True,False,True,False,False,True
-1.7595489804981423,0.4564655173779453,-1.5803381695803056,0.0855561665347787,-0.024297855798601078,0,True,False,True,True,False,False,True,False
1.3334837252775418,-0.6474149843453789,0.975809294358725,0.8704751255694457,0.14438513859846716,0,True,False,True,True,False,False,False,False
-0.32349808138800323,-1.0696003221384336,0.017253995381588543,-0.6993627924998883,-0.4953988550198524,0,False,False,False,False,False,False,False,True
1.6096473597217993,-0.2787765883070538,-0.6217828706031691,0.8704751255694457,1.642393644720257,0,False,True,False,False,True,False,True,False
1.3334837252775418,-1.0167142696013967,0.017253995381588543,0.0855561665347787,0.07468124064937157,0,True,False,True,False,True,False,False,False
1.0573200908332843,-0.7125377367756057,0.33677242837396737,0.0855561665347787,0.585782935076239,1,True,False,False,False,False,False,False,False
-1.0967562578319243,0.28693552167297753,0.975809294358725,0.0855561665347787,-0.5567819142538885,0,True,True,False,False,False,False,False,True
0.4497600950559178,-0.998195076422106,-1.2608197365879268,-1.4842817515345554,2.576239415641528,0,True,False,False,True,False,False,False,False
-1.6490835267204393,0.9511329397499766,-0.30226443761079025,2.44031304363878,0.8710971548149746,0,False,True,False,True,False,True,False,False
0.3392946412782148,-1.065519184799698,0.6562908613663462,0.0855561665347787,1.1054777176912032,0,False,False,False,False,False,False,True,False
-1.4833853460538848,-0.7564621131165545,0.6562908613663462,0.0855561665347787,-0.8642229534993549,0,False,True,False,False,True,False,True,False
-1.3729198922761818,0.422940183719004,0.33677242837396737,-1.4842817515345554,-0.7199664313916581,1,False,False,True,True,False,True,False,False
-0.32349808138800323,-0.6495453757265504,-0.6217828706031691,1.6553940846041129,-0.696897064132693,0,True,True,False,True,False,False,False,True
-1.3176871653873303,-0.9509741657907715,-0.30226443761079025,-0.6993627924998883,-0.7200505032472905,1,True,False,False,False,True,True,False,False
1.6096473597217993,-0.5760908274002675,-0.30226443761079025,-0.6993627924998883,1.1168823852830847,0,True,False,False,True,False,True,False,False
0.22882918750051182,-0.7213227049473555,0.6562908613663462,2.44031304363878,-1.0419943188629308,0,False,True,False,False,True,False,True,False
0.007898279945105802,0.9745867647477131,0.6562908613663462,-1.4842817515345554,-0.9889178456718178,0,True,False,True,False,True,False,False,True
1.0020873639444328,-0.6542590581433749,0.6562908613663462,0.0855561665347787,-0.7153602183706321,0,False,False,True,False,True,False,False,False
0.5049928219447694,0.6495368228696733,1.295327727351104,-0.6993627924998883,-0.8256105119281892,1,False,True,False,False,False,True,False,False
0.6154582757224724,1.3887917617759615,0.017253995381588543,0.8704751255694457,-0.7792887789921604,1,True,True,False,False,False,True,False,False
-0.4891962620545577,-0.44104597312424265,-0.30226443761079025,0.0855561665347787,0.7369413621386307,0,True,False,False,False,False,False,False,True
-0.9862908040542212,1.5909104903857283,-0.6217828706031691,2.44031304363878,-0.13855373282718994,0,True,False,True,False,True,True,False,False
1.4439491790552448,-0.5461755816723259,1.295327727351104,0.8704751255694457,-1.0722148486967091,0,False,True,False,False,True,False,False,True
1.1677855446109873,2.6067397122519935,1.9343645933358615,0.0855561665347787,-0.4419083034306993,0,True,False,True,False,False,False,False,False
-0.0473344469437457,-0.9663758402847729,0.975809294358725,0.0855561665347787,-0.4837784167466989,1,False,True,False,True,False,False,False,True
-0.0473344469437457,0.21411260859767342,0.975809294358725,-0.6993627924998883,-0.9414298994246745,0,True,True,False,False,True,False,False,False
-0.4891962620545577,-0.31724528776814426,0.975809294358725,-1.4842817515345554,0.20131204768960417,1,False,False,True,True,False,False,False,True
0.4497600950559178,-0.5276850242594823,-0.6217828706031691,-0.6993627924998883,0.2961610492905658,0,False,True,False,True,False,True,False,False
1.0573200908332843,0.03726871521889807,0.975809294358725,0.8704751255694457,0.3701578369597187,0,True,True,False,False,True,False,False,False
0.8916219101667299,0.27523182308467103,1.295327727351104,-0.6993627924998883,0.40140984621774073,0,False,False,False,False,True,True,False,False
1.6096473597217993,-1.0649161887654994,-0.6217828706031691,-0.6993627924998883,-1.0787258118006833,0,False,True,False,True,False,False,False,False
0.8916219101667299,-0.8678601881274696,0.33677242837396737,-1.4842817515345554,2.4152643756263052,1,True,True,False,True,False,False,False,True
1.3887164521663933,0.31006941590464865,0.6562908613663462,0.0855561665347787,0.832229483990519,0,False,True,False,False,False,False,False,True
1.0573200908332843,0.14354882968148228,-0.30226443761079025,0.8704751255694457,1.581684915067417,1,True,False,False,False,False,False,False,True
-1.1519889847207758,2.6690487074859632,0.975809294358725,1.6553940846041129,-1.060884121814516,0,False,False,True,False,True,False,True,False
1.6096473597217993,0.5123463718053405,0.6562908613663462,0.0855561665347787,2.0048990242384566,1,True,False,False,False,False,False,True,False
0.3392946412782148,2.2584677015237715,0.33677242837396737,0.8704751255694457,0.8055332008501848,0,True,False,False,False,False,False,False,False
-1.7043162536092908,0.2703290452394768,-0.9413013035955479,0.8704751255694457,0.9823497125518033,1,False,False,True,False,False,False,True,False
-1.6490835267204393,-0.6786089269978024,-1.2608197365879268,0.0855561665347787,-0.9675970967641857,1,False,False,False,False,False,False,False,True
0.8916219101667299,-0.9466924712254496,1.295327727351104,0.8704751255694457,0.44534799543287984,1,False,False,True,True,False,False,True,False
0.22882918750051182,0.6129262118738229,0.6562908613663462,-1.4842817515345554,2.573539840689053,0,False,False,False,False,True,False,True,False
0.8916219101667299,0.07223312483284264,-0.6217828706031691,0.0855561665347787,0.2097769899170759,1,False,False,True,False,False,True,False,False
1.2782509983886903,-1.0151662018999732,-0.9413013035955479,0.0855561665347787,-0.11906505754050588,0,True,True,False,True,False,False,False,False
-0.8758253502765182,-0.5764077094836689,0.33677242837396737,1.6553940846041129,2.2274058443208316,0,False,False,False,True,False,False,False,False
1.4439491790552448,2.40281582377983,0.017253995381588543,0.0855561665347787,-0.41449349310728273,0,True,False,False,True,False,False,False,False
0.8916219101667299,-0.3027681632651514,-0.6217828706031691,0.0855561665347787,-0.04043946927999793,0,True,False,False,False,False,False,True,False
-1.7043162536092908,-0.443168362608614,2.573401459320619,0.0855561665347787,-0.34428961902226213,1,False,False,False,False,False,False,False,True
-1.7043162536092908,-0.39341397244760673,1.6148461603434827,0.0855561665347787,1.9876486875542048,0,True,True,False,False,True,True,False,False
-0.26826535449915173,-0.8107814668562068,0.33677242837396737,-0.6993627924998883,-0.9889366014501096,0,True,False,False,False,False,False,False,False
1.1677855446109873,-0.5613549007532328,-1.8998566025726844,0.0855561665347787,-0.2892461334954895,0,True,True,False,False,False,False,True,False
-0.5444289889434092,-0.5594167167241557,0.33677242837396737,0.8704751255694457,0.23985939697928707,0,True,True,False,True,False,False,False,True
0.22882918750051182,-1.0103145452415885,1.6148461603434827,-0.6993627924998883,0.703517203401195,0,False,True,False,False,True,True,False,False
-0.0473344469437457,0.5429682757536606,-1.2608197365879268,0.8704751255694457,-0.08564220825910734,0,True,True,False,False,False,True,False,False
0.007898279945105802,-0.47433607665495575,-0.6217828706031691,0.8704751255694457,1.6416061981988532,0,False,False,True,False,False,False,False,False
-1.7595489804981423,0.8389812306707887,0.975809294358725,-0.6993627924998883,2.1538641819085966,0,False,False,True,True,False,False,False,False
-0.7653598964988152,1.029590744745484,-0.6217828706031691,-0.6993627924998883,-1.0033038554795317,1,True,False,False,True,False,False,False,True
1.6096473597217993,-0.8064261747678573,-0.6217828706031691,1.6553940846041129,-0.4943034318694082,1,False,False,True,False,False,False,True,False
-1.7043162536092908,0.11402459717895928,0.6562908613663462,0.0855561665347787,-1.0518332005732116,1,False,False,True,False,True,False,False,True
1.1125528177221358,-0.36328771683235966,0.33677242837396737,-0.6993627924998883,-0.6250746223388948,0,False,False,False,False,True,False,False,False
0.6154582757224724,1.2750953207427183,0.6562908613663462,-0.6993627924998883,-0.20482452965187997,0,True,False,False,True,False,False,False,True
-0.37873080827685474,-0.8011587087935317,0.6562908613663462,-1.4842817515345554,1.6652509068214427,0,False,False,False,True,False,False,True,False
-0.0473344469437457,0.18207185018604907,-0.6217828706031691,0.0855561665347787,1.0494040136249856,0,False,False,True,False,False,True,False,False
-1.4833853460538848,-0.03539790435940401,1.6148461603434827,0.8704751255694457,-0.9239269657949313,0,False,False,True,True,False,True,False,False
-0.0473344469437457,-0.6829315797053739,-1.5803381695803056,0.0855561665347787,-0.9679188810729993,0,True,False,False,False,False,True,False,False
1.2230182714998388,-0.9074134985874587,0.6562908613663462,-0.6993627924998883,-0.0684989611969681,0,False,True,False,False,True,True,False,False
-1.5938507998315878,0.09574640423669943,-1.5803381695803056,-0.6993627924998883,-0.21641069635158477,0,True,False,False,False,True,False,False,False
1.2230182714998388,0.41314433976150833,0.6562908613663462,1.6553940846041129,-0.7270855684054719,1,True,True,False,False,False,False,False,False
-1.2072217116096273,-0.6505839746383316,-0.9413013035955479,-0.6993627924998883,1.5293596581767241,0,True,True,False,True,False,False,True,False
1.2782509983886903,0.07435768916166821,0.017253995381588543,-0.6993627924998883,1.8985858758036678,0,True,False,False,False,True,False,True,False
1.4439491790552448,-0.5140973072772673,0.017253995381588543,0.8704751255694457,-0.4938456735394461,0,True,False,False,True,False,False,True,False
-0.8758253502765182,0.31068905714953976,0.017253995381588543,-0.6993627924998883,1.430465122072807,0,True,False,False,False,True,False,True,False
0.2840619143893633,-0.8242056378660167,0.33677242837396737,-0.6993627924998883,-0.5287728095496498,0,False,False,True,False,False,False,False,True
-0.4891962620545577,1.3719816009869223,-0.9413013035955479,0.8704751255694457,0.43685555721370734,0,True,True,False,False,False,False,True,False
-1.5386180729427363,-0.6952403084136873,-0.6217828706031691,0.0855561665347787,-0.3451480582155742,0,False,False,True,False,False,True,False,False
1.0573200908332843,-0.5629664924309622,-0.30226443761079025,0.0855561665347787,-0.9303069848463963,1,False,False,True,False,True,True,False,False
0.06313100683395731,-1.0036032164565183,0.33677242837396737,0.0855561665347787,1.907496347579077,1,True,False,False,True,False,True,False,False
-1.4833853460538848,-0.9390718438070716,-0.6217828706031691,0.0855561665347787,-0.3915176061280337,0,False,False,True,True,False,False,False,True
-0.5996617158322607,-0.2680246204338025,-0.30226443761079025,0.8704751255694457,0.4268488818652773,0,False,False,False,True,False,False,True,False
-1.2072217116096273,-0.725557068490166,0.6562908613663462,0.8704751255694457,-0.5592761230536829,0,False,True,False,False,True,True,False,False
0.8363891832778784,0.9249044280389036,-1.2608197365879268,2.44031304363878,-1.0571436214294099,1,False,False,False,False,True,True,False,False
-0.9310580771653697,-1.0533889900958584,-1.2608197365879268,-0.6993627924998883,-0.9584909687476727,0,True,False,True,False,True,True,False,False
0.007898279945105802,-0.543018745480451,0.6562908613663462,0.8704751255694457,-0.3003440430380424,0,False,False,True,False,True,True,False,False
-1.3176871653873303,-0.6149411790926844,0.017253995381588543,-0.6993627924998883,0.25083620904818665,0,True,False,False,False,True,False,False,False
1.4991819059440963,-1.0481783960523183,0.33677242837396737,-1.4842817515345554,-0.6160334594048649,0,False,False,False,True,False,False,True,False
1.4439491790552448,-0.9229624775221966,-0.30226443761079025,0.0855561665347787,0.27124861648603343,1,False,False,True,False,True,False,True,False
-1.4833853460538848,-0.4797434821169481,1.295327727351104,0.8704751255694457,0.28304397050062396,0,True,True,False,False,True,False,False,True
-0.9310580771653697,-0.31931645106779455,-1.5803381695803056,-0.6993627924998883,0.30319064846949123,0,False,True,False,True,False,False,False,False
-0.2130326276103002,-0.4972339289332991,0.33677242837396737,1.6553940846041129,-0.3086471124616753,0,False,False,False,False,True,False,False,True
-1.6490835267204393,-0.2330608524357231,-1.5803381695803056,-0.6993627924998883,1.7185554342945064,0,False,True,False,True,False,True,False,False
-0.7101271696099637,-0.07039854355426266,-1.5803381695803056,-1.4842817515345554,-0.31606269452790464,1,True,False,True,True,False,False,False,True
1.4991819059440963,-1.0587262106637636,0.017253995381588543,0.0855561665347787,-0.39945847731921524,1,False,False,False,False,False,True,False,False
1.4439491790552448,-0.38030198821083117,0.33677242837396737,-1.4842817515345554,-0.826308673705317,0,True,False,True,False,False,True,False,False
0.1735964606116603,2.589061696353674,0.6562908613663462,1.6553940846041129,-0.6613348236227875,0,False,False,True,False,False,False,True,False
-0.7653598964988152,-0.2607631568171366,-0.6217828706031691,-0.6993627924998883,-1.0296724321637547,0,True,True,False,False,False,False,True,False
-0.37873080827685474,0.1811428239894674,0.33677242837396737,0.0855561665347787,0.060981585696502055,0,True,False,False,False,True,False,True,False
-1.6490835267204393,-0.6566452331838387,-0.30226443761079025,-0.6993627924998883,-0.7543681977803357,0,False,False,False,False,False,False,True,False
-0.7653598964988152,0.5739439064452737,0.017253995381588543,-0.6993627924998883,-0.6670598236350747,0,False,True,False,True,False,False,True,False
-0.7101271696099637,0.568724185102661,0.6562908613663462,-0.6993627924998883,0.5939015026107923,0,True,False,True,False,True,False,False,False
-0.0473344469437457,-0.2555488506677259,-0.30226443761079025,0.0855561665347787,-0.6287857995019464,0,True,False,True,False,False,False,True,False
-1.4281526191650333,3.0531026181792655,0.6562908613663462,-0.6993627924998883,-0.7639069434626239,0,False,False,True,True,False,False,False,True
1.0573200908332843,-0.921469758149222,0.6562908613663462,0.0855561665347787,-0.8685167751848322,1,True,False,True,False,True,True,False,False
0.4497600950559178,-1.050857422110135,0.975809294358725,0.8704751255694457,0.6141138724086426,0,False,False,False,False,True,False,True,False
0.007898279945105802,0.5553559293056393,-0.9413013035955479,1.6553940846041129,-0.9210519493134556,1,False,False,False,False,False,False,False,False
0.3945273681670663,0.7493335252502752,-0.30226443761079025,0.0855561665347787,-0.39223042094003857,0,False,True,False,False,True,False,False,True
0.3392946412782148,-0.9282023498701774,-0.6217828706031691,0.0855561665347787,-0.2759447030758974,0,False,True,False,True,False,False,False,True
-0.8205926233876667,-0.7285858712351315,-1.2608197365879268,0.8704751255694457,0.2414471719520615,1,True,False,False,False,True,True,False,False
0.3945273681670663,-1.0501773539886046,-0.6217828706031691,0.8704751255694457,0.06020168386687618,0,False,False,False,True,False,False,False,True
-1.7595489804981423,-0.6860527547149232,-0.30226443761079025,0.0855561665347787,0.8111109479931724,1,True,False,True,False,True,False,False,True
-1.2072217116096273,0.5697974014326608,0.6562908613663462,0.8704751255694457,-1.0268033237326446,0,False,False,True,False,False,False,False,True
-0.26826535449915173,-0.26322325075740705,0.33677242837396737,-0.6993627924998883,-0.6795781655249545,0,True,True,False,True,False,False,False,True
1.3334837252775418,-0.5968641709167091,-1.2608197365879268,1.6553940846041129,-0.7055931763767278,0,False,False,False,False,True,False,False,False
-0.4339635351657062,-0.5560336007646324,0.33677242837396737,-1.4842817515345554,-0.899571011616779,0,True,True,False,False,True,True,False,False
0.9468546370555814,-1.0682521055524228,-0.30226443761079025,2.44031304363878,-0.6912381473611837,0,True,False,False,False,True,False,True,False
-0.5444289889434092,-0.6758527073382795,-1.2608197365879268,0.0855561665347787,-0.6578689286723457,0,False,False,True,True,False,False,False,True
-0.1025671738325972,0.07942966169449238,-0.9413013035955479,-0.6993627924998883,-0.24097631096115943,0,False,True,False,True,False,False,False,False
-0.1577999007214487,2.972296170851283,0.017253995381588543,-0.6993627924998883,0.1585253442349666,0,False,True,False,True,False,True,False,False
0.5049928219447694,1.0055764346721339,1.295327727351104,-0.6993627924998883,-0.5340103246132266,0,False,False,False,False,False,False,True,False
0.11836373372280881,-1.043358520059145,-0.6217828706031691,0.0855561665347787,0.36438389925128256,0,True,False,True,False,False,True,False,False
-1.4281526191650333,1.4593644732698652,0.017253995381588543,-0.6993627924998883,-0.6135902624436975,0,False,True,False,True,False,False,False,False
1.4991819059440963,0.6199114550261015,-0.30226443761079025,1.6553940846041129,-0.6894710846678528,0,True,False,True,False,True,False,False,False
-0.9310580771653697,0.6056164557158411,-1.2608197365879268,0.8704751255694457,-0.1941845135622384,1,True,True,False,False,False,False,False,False
-0.37873080827685474,-0.39281022870631616,-0.30226443761079025,-1.4842817515345554,-1.0515339618866386,1,False,False,True,True,False,False,False,True
0.8363891832778784,-0.5088326013063886,0.975809294358725,0.0855561665347787,-0.9843751449561009,0,True,False,False,False,True,False,False,False
1.3334837252775418,-0.6709245019967336,0.975809294358725,-1.4842817515345554,-0.46427439291900063,1,True,True,False,False,False,False,True,False
1.0573200908332843,-0.9946457243407913,0.017253995381588543,-1.4842817515345554,2.1720406731954176,0,True,True,False,False,True,False,False,True
1.4991819059440963,-0.783408440809041,0.975809294358725,0.0855561665347787,0.37267690422931604,1,True,False,True,False,True,True,False,False
0.8916219101667299,-0.7567852461425905,-1.2608197365879268,0.8704751255694457,-0.9740411881683567,1,False,False,True,False,True,False,True,False
-1.7043162536092908,-0.33830373809876224,2.573401459320619,0.0855561665347787,1.047656829241984,1,False,True,False,False,True,False,False,True
-1.7595489804981423,0.4511978936868399,0.6562908613663462,0.0855561665347787,0.4175381852767233,0,False,False,False,False,False,False,False,False
0.8363891832778784,-0.3600828184414991,-0.30226443761079025,-0.6993627924998883,-0.006931451237775739,0,False,False,True,False,False,True,False,False
1.6096473597217993,-1.0038935992230218,0.6562908613663462,-1.4842817515345554,0.8700331469834304,0,True,False,True,False,False,False,False,False
-1.1519889847207758,2.4284384820579863,-1.5803381695803056,0.0855561665347787,-0.49099422922342106,1,True,False,True,True,False,False,True,False
-1.5386180729427363,2.0911035078344464,-0.6217828706031691,0.8704751255694457,-0.7944975116561911,0,False,True,False,False,False,False,True,False
0.22882918750051182,0.6301090011985512,-0.30226443761079025,0.8704751255694457,-0.2641554215170602,1,False,True,False,False,True,False,False,True
-0.0473344469437457,3.3210685223259553,-0.30226443761079025,0.8704751255694457,-0.17508463667766852,0,False,True,False,False,False,False,True,False
1.4439491790552448,-0.20067606282721004,-0.30226443761079025,0.8704751255694457,-0.20124414675301902,1,True,True,False,False,True,True,False,False
1.2230182714998388,2.5671490529761276,-0.30226443761079025,-1.4842817515345554,-0.1334818391234631,0,False,False,False,True,False,False,False,True
-1.3176871653873303,-0.9828598181632366,0.33677242837396737,-0.6993627924998883,2.293512471606918,0,False,False,False,False,True,True,False,False
0.4497600950559178,-0.5666407693050589,0.975809294358725,0.0855561665347787,1.5613396547571126,0,False,True,False,False,True,False,False,False
0.11836373372280881,-0.7874882362919138,0.975809294358725,-0.6993627924998883,1.288728526894164,0,True,False,False,False,True,True,False,False
-0.7653598964988152,-0.8288638939668451,0.975809294358725,1.6553940846041129,0.7566299768297348,0,True,False,True,True,False,True,False,False
0.8363891832778784,-0.9020213148190341,0.017253995381588543,-1.4842817515345554,2.182337785772449,1,True,False,True,False,False,False,True,False
-0.9310580771653697,0.0067058519100090825,-0.9413013035955479,-0.6993627924998883,-0.9610577329721983,0,True,False,True,False,False,False,False,False
-1.6490835267204393,0.6103860554803606,0.33677242837396737,1.6553940846041129,-0.7290252551947521,0,True,True,False,True,False,False,True,False
-0.7101271696099637,-0.11542167037490274,-1.8998566025726844,-0.6993627924998883,-0.30296332757388283,1,True,False,True,False,True,False,False,False
-0.4891962620545577,-0.8940690820897932,0.975809294358725,0.0855561665347787,1.0492572995907508,0,True,False,False,False,False,False,False,False
1.1677855446109873,0.7723137160533894,-0.9413013035955479,1.6553940846041129,-0.2800003476063023,1,True,True,False,True,False,True,False,False
1.2782509983886903,0.04707033768744326,-1.8998566025726844,0.0855561665347787,0.48631215160571245,1,False,False,False,False,False,False,True,False
0.007898279945105802,-0.5267516701027131,-1.2608197365879268,0.8704751255694457,-0.9089149219834761,0,False,False,True,True,False,True,False,False
-0.4891962620545577,0.16950955880804766,-0.9413013035955479,-0.6993627924998883,-0.7484936244426746,0,True,False,True,False,True,True,False,False
1.0573200908332843,-0.7370977327671089,-2.219375035565063,0.0855561665347787,0.4153150568699494,0,True,False,True,False,False,True,False,False
-1.2072217116096273,-0.6017756457197302,0.017253995381588543,-0.6993627924998883,-0.8744093806247628,1,False,True,False,True,False,False,False,False
0.8916219101667299,1.68758729763063,-0.30226443761079025,0.8704751255694457,-0.587307076536745,0,True,False,False,False,False,False,True,False
-1.3729198922761818,-0.69042959661682,-1.2608197365879268,0.8704751255694457,-0.72942225921538,0,True,True,False,False,False,False,True,False
0.1735964606116603,-0.3680808337341844,-1.8998566025726844,-0.6993627924998883,-0.5899196009702885,1,True,True,False,False,False,True,False,False
0.2840619143893633,1.3712382265299508,0.33677242837396737,0.8704751255694457,0.32014493457969206,0,False,False,True,False,False,False,False,False
0.3945273681670663,0.28974860741177816,1.295327727351104,0.8704751255694457,-0.5580673509264286,1,False,True,False,True,False,False,True,False
-0.7101271696099637,-0.9987684662714753,2.573401459320619,0.8704751255694457,-0.15880789568849507,1,False,True,False,False,True,False,False,True
1.6096473597217993,-0.8936280385882976,-1.5803381695803056,0.0855561665347787,-0.9592461756517686,0,False,False,True,True,False,False,True,False
0.11836373372280881,-1.0610482012484195,-0.9413013035955479,-1.4842817515345554,0.7774068458612587,1,False,True,False,True,False,True,False,False
0.8363891832778784,0.03189508211454665,0.33677242837396737,1.6553940846041129,-0.5543948343464704,1,True,False,True,True,False,False,False,True
1.6096473597217993,-0.4136613163204045,-0.6217828706031691,-0.6993627924998883,0.1084292942540187,0,False,False,True,False,True,False,False,False
-0.4339635351657062,-0.9103870824534341,-1.2608197365879268,0.0855561665347787,0.388597835330003,0,True,False,True,False,False,False,False,True
0.11836373372280881,2.4322238613837928,-1.2608197365879268,0.0855561665347787,-0.8116356101103196,0,True,False,True,False,False,False,False,True
-0.4339635351657062,-0.23606797038075533,-0.9413013035955479,-0.6993627924998883,1.3736633550513278,0,False,True,False,False,False,True,False,False
-0.2130326276103002,-0.7636738510879729,2.25388302632824,0.0855561665347787,0.00857620331812561,1,False,False,True,False,True,False,True,False
-0.8205926233876667,-0.30232025586177075,-0.30226443761079025,2.44031304363878,-0.44309668585809797,0,True,False,True,False,False,False,False,False
0.7259237295001754,0.18828854627372868,-1.8998566025726844,-1.4842817515345554,-0.8502280906267666,0,True,True,False,False,True,False,False,True
-0.8205926233876667,-0.982101312629096,0.6562908613663462,1.6553940846041129,2.1599380200193488,0,True,True,False,False,False,True,False,False
-1.7043162536092908,-0.7147735635062574,-0.30226443761079025,0.0855561665347787,0.5184567475792302,0,False,False,False,False,False,False,True,False
1.1677855446109873,0.7482448575810168,-0.30226443761079025,-0.6993627924998883,-0.8139839562079174,1,False,True,False,True,False,False,False,True
0.11836373372280881,-0.38940137171541395,-0.6217828706031691,0.0855561665347787,-0.6109439371078983,1,False,True,False,False,True,True,False,False
-0.9310580771653697,-0.19558162399402135,0.33677242837396737,1.6553940846041129,0.8048513122057482,0,False,False,False,True,False,True,False,False
1.5544146328329478,-0.44299910425056416,-0.6217828706031691,-0.6993627924998883,0.27195429626775436,0,False,True,False,True,False,True,False,False
0.4497600950559178,-1.0201319848254706,-0.9413013035955479,0.0855561665347787,0.569251115662542,0,True,True,False,True,False,False,False,False
0.1735964606116603,-0.8694555190455017,0.6562908613663462,0.0855561665347787,-0.41802630590122625,0,False,True,False,False,True,False,True,False
0.007898279945105802,-0.41791894331284596,-1.8998566025726844,2.44031304363878,0.3523305678385935,0,True,True,False,False,True,False,False,True
-1.5938507998315878,-0.810358437373771,-0.6217828706031691,-0.6993627924998883,-0.5240729332661175,0,True,False,False,False,False,False,True,False
0.007898279945105802,-1.0130822000364166,-0.9413013035955479,-1.4842817515345554,-0.8093318659266051,1,True,True,False,True,False,False,True,False
-1.0415235309430728,0.9811959993605193,-0.9413013035955479,0.0855561665347787,0.05832560991761211,0,False,True,False,False,False,False,False,True
-0.6548944427211122,3.3210685223259553,-0.6217828706031691,-0.6993627924998883,3.1565487684676485,1,False,False,False,True,False,False,True,False
0.8363891832778784,0.6718071634633752,-0.30226443761079025,-1.4842817515345554,-0.6564934922782237,0,False,False,True,False,True,False,False,False
-0.7101271696099637,1.0552697953257997,1.295327727351104,-0.6993627924998883,-0.3771321079781808,0,True,False,False,False,True,False,False,True
1.2782509983886903,-0.7635516199490995,0.6562908613663462,-0.6993627924998883,0.19383279087217195,1,True,False,True,False,True,False,False,True
-1.3729198922761818,2.5053421284059185,-0.30226443761079025,0.0855561665347787,-0.19339674610502564,0,True,False,False,True,False,True,False,False
-1.4281526191650333,-0.8273611850933517,-0.30226443761079025,0.0855561665347787,1.0265023938556084,1,True,False,False,False,True,False,True,False
-1.6490835267204393,2.2733201700105483,0.6562908613663462,0.0855561665347787,0.5498260936903346,0,True,True,False,True,False,False,False,True
-0.8758253502765182,3.3210685223259553,-1.2608197365879268,-1.4842817515345554,-1.0105878010520473,0,True,False,True,False,False,False,False,True
0.007898279945105802,0.3049844836553373,-0.9413013035955479,0.8704751255694457,3.767208663271576,1,False,True,False,True,False,False,False,False
0.8363891832778784,3.3190590552833057,0.6562908613663462,-0.6993627924998883,0.5061663003062944,0,False,False,True,False,False,True,False,False
-1.1519889847207758,-0.13814204400909846,-0.30226443761079025,-0.6993627924998883,1.18562963680477,1,False,False,False,True,False,False,False,True
1.4439491790552448,-0.7376399879204281,0.33677242837396737,0.8704751255694457,0.11706653763175898,1,False,False,False,False,False,False,False,False
1.0020873639444328,-0.4348238364269146,-1.2608197365879268,-0.6993627924998883,1.123789638664655,0,True,False,True,False,True,False,False,True
-0.5996617158322607,-0.07467816992126086,0.017253995381588543,-1.4842817515345554,-0.9434300645050941,0,True,True,False,False,False,False,False,True
1.2230182714998388,-0.9858728694236802,-0.9413013035955479,-0.6993627924998883,-0.5936226334691953,0,False,True,False,False,True,False,False,True
-0.5996617158322607,0.006499869448679537,0.975809294358725,0.0855561665347787,1.2951773812081924,0,True,True,False,False,True,False,False,False
0.7259237295001754,3.321059891558897,-0.9413013035955479,0.0855561665347787,-0.8230786697519318,1,False,True,False,False,False,False,True,False
-0.1577999007214487,-0.8367050005001062,0.33677242837396737,-0.6993627924998883,-0.986282323075175,0,False,False,False,True,False,False,False,True
0.2840619143893633,0.6688843559555395,0.6562908613663462,-0.6993627924998883,0.6830372560995288,0,False,False,False,True,False,False,False,True
0.2840619143893633,1.5661013524212533,0.017253995381588543,1.6553940846041129,0.9703260566573204,1,True,False,False,True,False,False,True,False
0.6706910026113239,2.1101245476400146,-0.6217828706031691,0.8704751255694457,-0.8772356769244736,0,False,False,False,True,False,False,False,True
1.0020873639444328,2.491634212609195,0.33677242837396737,-1.4842817515345554,1.1085722168686405,1,False,False,False,True,False,True,False,False
1.1677855446109873,-0.2551710842342426,-0.6217828706031691,-0.6993627924998883,0.23918990232970916,0,False,True,False,False,True,False,False,True
-1.3729198922761818,3.1144005525620178,0.017253995381588543,0.8704751255694457,-0.2452469968575431,1,True,True,False,True,False,True,False,False
-0.32349808138800323,0.4952387670703469,0.6562908613663462,0.8704751255694457,0.9347531789690353,0,True,True,False,False,True,False,True,False
-0.32349808138800323,-0.8748454680783597,-1.2608197365879268,-0.6993627924998883,-0.4617752657421451,0,False,True,False,False,True,False,False,False
0.06313100683395731,-0.353572685973311,-1.5803381695803056,0.0855561665347787,-0.8339224310286725,0,True,False,False,False,True,False,True,False
-0.6548944427211122,0.33061554770766066,0.017253995381588543,0.8704751255694457,-0.6981264365131108,0,True,False,False,False,False,False,False,True
-0.1577999007214487,-0.7557039993154621,0.017253995381588543,-0.6993627924998883,-0.28000423269869723,1,True,False,False,False,False,True,False,False
0.007898279945105802,0.06131087285381882,-0.9413013035955479,-1.4842817515345554,-0.21831931237343039,0,True,False,True,False,True,False,False,False
-0.26826535449915173,0.1442615551054028,1.295327727351104,0.0855561665347787,0.7806907457775623,1,True,True,False,False,False,False,False,True
0.7811564563890269,-0.8734889304726451,0.975809294358725,0.8704751255694457,0.7004995114547261,0,True,True,False,True,False,False,False,False
0.007898279945105802,-0.1495204615188569,0.33677242837396737,0.0855561665347787,-0.090131773438033,0,True,False,False,True,False,False,False,False
-1.5386180729427363,0.5624411231595781,-0.6217828706031691,0.8704751255694457,0.6444047282531226,0,True,True,False,False,True,False,False,True
1.4991819059440963,-0.3060936631998072,-0.9413013035955479,-1.4842817515345554,-0.8370460683796821,0,True,True,False,True,False,False,True,False
1.5544146328329478,-1.056290742114208,0.017253995381588543,0.0855561665347787,-1.0204706415380331,0,True,False,False,False,True,False,False,True
0.8363891832778784,-1.0597141035402444,-0.30226443761079025,1.6553940846041129,1.2698549714883502,0,False,False,True,False,True,False,False,True
-0.7653598964988152,-0.5816131320124501,-1.5803381695803056,1.6553940846041129,-0.9895880139583673,1,False,False,True,True,False,False,True,False
-1.5938507998315878,1.8108555661359464,-1.2608197365879268,0.0855561665347787,-0.757155892725725,0,True,False,True,False,False,True,False,False
0.11836373372280881,-0.7827761103409494,-0.9413013035955479,0.0855561665347787,0.27061676407324864,0,False,False,False,True,False,False,False,True
0.8916219101667299,0.0422505374954527,-0.30226443761079025,-0.6993627924998883,-0.4807773492212276,0,False,True,False,True,False,False,False,False
-0.8758253502765182,-0.7921944029026262,1.9343645933358615,-0.6993627924998883,1.294194976870047,0,True,False,False,False,True,False,False,True
0.6154582757224724,-0.6407819575169935,0.017253995381588543,-1.4842817515345554,-0.6770917187016765,1,True,False,False,False,True,False,False,True
-0.26826535449915173,1.0126905361298704,0.6562908613663462,0.0855561665347787,-1.065226509379758,0,True,True,False,False,True,False,False,False
-0.1577999007214487,0.37272742987389945,0.6562908613663462,-1.4842817515345554,-0.6727557457365615,0,False,False,True,False,True,False,True,False
-0.2130326276103002,-0.9589360488236066,1.295327727351104,-0.6993627924998883,-0.09902389351747205,0,False,False,True,False,False,True,False,False
0.7259237295001754,-0.45098685687787504,-0.9413013035955479,0.8704751255694457,-0.5434411706455764,0,True,False,False,False,False,True,False,False
1.1125528177221358,-1.0370300527163805,0.017253995381588543,-1.4842817515345554,-0.20970600462008523,0,True,False,True,False,False,False,False,False
-1.4833853460538848,-0.34510994931981465,-0.9413013035955479,0.0855561665347787,1.2968063610750173,0,True,False,False,False,True,False,True,False
0.11836373372280881,0.1305350511479414,0.975809294358725,-0.6993627924998883,1.686969018851069,0,False,False,False,False,True,False,False,True
1.4991819059440963,-0.9303416892821406,-0.30226443761079025,0.0855561665347787,-0.7277099933645561,0,False,True,False,False,True,False,False,True
0.4497600950559178,-0.6929496548540727,1.9343645933358615,-1.4842817515345554,-0.3746631272270408,1,False,True,False,False,False,False,False,True
0.22882918750051182,-0.509142225119091,-0.30226443761079025,0.0855561665347787,-0.1743237098947209,0,False,True,False,False,True,False,False,True
-0.4891962620545577,1.7153267937850538,0.6562908613663462,-0.6993627924998883,2.302569174486952,1,True,False,False,True,False,False,False,True
-0.2130326276103002,3.3210685223259553,0.33677242837396737,0.8704751255694457,3.767208663271576,0,True,True,False,True,False,False,False,False
0.8916219101667299,-1.0189622504954108,0.017253995381588543,0.8704751255694457,-0.7740328531958705,1,True,False,True,False,True,False,False,True
0.7259237295001754,0.5122082417276879,-0.30226443761079025,0.0855561665347787,0.3951920096227015,0,True,False,True,True,False,False,False,True
1.1125528177221358,-0.556060390514327,0.6562908613663462,0.0855561665347787,-0.5396274223603589,0,False,False,False,True,False,False,True,False
-0.1025671738325972,-0.5189702479974719,-0.30226443761079025,0.0855561665347787,-1.0695422806646284,0,False,False,False,False,False,False,False,True
0.11836373372280881,0.4814566760582323,-0.9413013035955479,-1.4842817515345554,-1.0682316449228735,0,True,True,False,False,True,True,False,False
1.4991819059440963,1.7002584214982885,1.6148461603434827,0.0855561665347787,-0.3779818848705635,0,True,False,False,False,True,False,False,False
0.007898279945105802,2.2619731891014734,1.295327727351104,0.0855561665347787,-0.31797622069504666,0,False,False,False,False,False,False,False,False
1.0573200908332843,-0.11849907756389025,2.25388302632824,-0.6993627924998883,-1.0528667196501955,0,True,False,True,True,False,False,False,False
1.5544146328329478,-0.581455293988803,-0.6217828706031691,0.8704751255694457,0.23976863880864085,0,False,False,True,True,False,True,False,False
-0.6548944427211122,0.6423164580893233,0.017253995381588543,-0.6993627924998883,-0.6835047020340009,0,True,True,False,False,True,False,False,True
-0.0473344469437457,-0.7503148025590496,-0.9413013035955479,-0.6993627924998883,-0.14692632692723373,1,True,False,False,True,False,False,False,False
-0.5444289889434092,-0.1520874329849255,-0.6217828706031691,0.0855561665347787,-0.6723279796668509,0,True,False,False,False,False,True,False,False
0.007898279945105802,-0.5789470500329679,-1.2608197365879268,-0.6993627924998883,-0.8711419028027233,0,True,False,True,False,False,False,True,False
-1.6490835267204393,0.11169685078167649,-0.6217828706031691,-0.6993627924998883,-0.48514131629355445,0,True,False,False,False,True,False,False,True
-0.8205926233876667,-0.7658503574860337,0.33677242837396737,-1.4842817515345554,-0.7786770466734945,0,True,False,True,False,False,True,False,False
-0.4339635351657062,-0.8346761931210924,-1.2608197365879268,0.8704751255694457,-0.20988120587852685,0,True,True,False,False,False,False,False,True
0.5049928219447694,1.6977229888383059,-0.6217828706031691,0.0855561665347787,-0.827091628178921,1,False,False,True,False,True,False,True,False
-0.1025671738325972,-0.9510833237536012,2.25388302632824,0.0855561665347787,-0.27254114076466524,0,False,False,False,False,False,True,False,False
1.1677855446109873,-0.29040631477297235,1.295327727351104,1.6553940846041129,-0.8843640735292243,0,False,True,False,False,False,False,False,True
1.3887164521663933,-0.7939307468479835,0.6562908613663462,-0.6993627924998883,0.18334012443924305,0,False,False,True,False,False,True,False,False
-1.6490835267204393,-1.0258623391890374,0.6562908613663462,0.8704751255694457,0.5132282286415836,0,False,False,True,True,False,False,False,False
0.3945273681670663,-1.0292051242742764,1.295327727351104,0.0855561665347787,-0.9459711105522179,1,True,True,False,False,True,False,False,True
0.7259237295001754,-0.8568349542040837,0.017253995381588543,0.0855561665347787,-0.36264772446758076,1,True,True,False,False,True,True,False,False
-0.4891962620545577,1.158061951370949,-0.30226443761079025,-0.6993627924998883,-0.9953248452934591,0,False,False,True,False,True,False,False,False
0.9468546370555814,-0.7028618066748216,1.295327727351104,0.8704751255694457,-0.043583447948219785,0,True,False,False,True,False,False,True,False
-0.0473344469437457,2.25145055976996,-0.9413013035955479,-0.6993627924998883,-0.7301355187096765,0,False,False,True,True,False,False,False,True
0.7811564563890269,-0.1066755457982521,0.017253995381588543,0.0855561665347787,-0.22726292145895116,0,False,True,False,False,True,False,False,True
-0.5996617158322607,-0.4355728942117205,0.017253995381588543,-0.6993627924998883,-0.25143249642797394,0,True,False,True,True,False,False,True,False
-0.5444289889434092,-0.11071911919174816,0.6562908613663462,0.8704751255694457,1.8524520424712514,1,True,True,False,False,True,False,False,False
-1.7043162536092908,-0.26611336102940475,-0.30226443761079025,0.8704751255694457,-0.1744767940335022,0,True,True,False,True,False,False,True,False
-0.32349808138800323,0.501935576006011,0.6562908613663462,-0.6993627924998883,-0.08569712134720496,0,False,False,False,False,False,False,False,True
0.5049928219447694,-0.7028351242695673,-0.30226443761079025,0.0855561665347787,-0.4956655765823359,0,True,True,False,False,False,True,False,False
-1.7043162536092908,-0.5884317101765955,0.6562908613663462,-1.4842817515345554,2.301836385734106,1,False,True,False,False,True,False,False,False
-0.37873080827685474,1.411742422698223,-0.6217828706031691,0.0855561665347787,0.625912621533592,0,False,False,False,True,False,False,False,False
-0.8758253502765182,2.1655767360926816,1.9343645933358615,0.0855561665347787,-0.6972487487399104,1,False,True,False,True,False,False,False,False
0.3945273681670663,1.3958269693975813,0.975809294358725,-1.4842817515345554,1.0321857918667667,0,True,False,False,False,False,False,True,False
0.007898279945105802,-0.46874635783350993,-1.2608197365879268,0.8704751255694457,-0.4357766972246223,0,True,False,False,False,False,False,True,False
-1.3176871653873303,0.6055630098513246,-0.30226443761079025,1.6553940846041129,0.9242138255306938,1,False,True,False,True,False,True,False,False
0.5602255488336209,-0.3547644880162087,-0.6217828706031691,-1.4842817515345554,0.8865486260272486,1,True,True,False,True,False,True,False,False
1.1677855446109873,-0.3090800162588158,-0.30226443761079025,0.8704751255694457,-0.8411172620391753,0,True,False,True,True,False,False,False,False
0.8363891832778784,-0.8166372409209269,0.017253995381588543,-0.6993627924998883,0.2925230777449859,0,True,False,False,True,False,True,False,False
0.3392946412782148,-0.08126816334235831,-0.9413013035955479,0.0855561665347787,-0.6888961496356081,1,False,False,True,True,False,False,True,False
-0.2130326276103002,-0.8421119046838104,0.6562908613663462,0.8704751255694457,-0.6778792828800948,0,False,True,False,True,False,True,False,False
0.5049928219447694,-0.6245412289561197,-0.30226443761079025,0.0855561665347787,-0.6797276693702664,0,True,False,True,False,True,False,True,False
1.2230182714998388,1.0647231812315348,0.975809294358725,-1.4842817515345554,0.3893366975281411,1,False,False,False,True,False,True,False,False
-0.37873080827685474,-0.813302960552653,0.975809294358725,-1.4842817515345554,-0.7822906415691809,0,True,False,True,False,False,False,False,True
0.11836373372280881,-0.9881637723457666,-0.30226443761079025,-0.6993627924998883,-1.0777568479253234,0,True,False,False,False,True,False,True,False
0.9468546370555814,-0.9907199491290586,-0.9413013035955479,1.6553940846041129,0.3473780753216891,0,True,True,False,True,False,False,False,True
-0.4339635351657062,2.054291425464311,0.017253995381588543,-0.6993627924998883,-0.8656067411070726,0,True,True,False,False,False,False,True,False
-0.4891962620545577,-0.28825090222722877,-0.30226443761079025,-1.4842817515345554,-0.9534913560198822,0,False,False,False,False,True,True,False,False
-1.0967562578319243,-0.4876892241890041,-0.6217828706031691,0.0855561665347787,-0.7708969280660551,0,False,True,False,False,False,False,False,True
1.4991819059440963,0.7708798836738112,-0.9413013035955479,-1.4842817515345554,-0.5362096189536865,0,False,True,False,True,False,True,False,False
1.3887164521663933,0.9272292904788126,-0.9413013035955479,0.8704751255694457,-0.34522581286890414,0,True,True,False,True,False,False,True,False
-1.4281526191650333,-0.6235051168006353,0.6562908613663462,0.8704751255694457,-1.0270189042373876,0,True,True,False,True,False,False,False,True
1.3334837252775418,0.23766431318590844,-1.2608197365879268,0.0855561665347787,2.9244428487937504,0,True,False,False,True,False,False,False,False
0.1735964606116603,0.560004180714426,-0.30226443761079025,1.6553940846041129,0.35067704431993185,1,False,False,True,False,True,True,False,False
0.6706910026113239,0.10534067037180407,0.017253995381588543,-1.4842817515345554,-0.6355617704395594,0,True,False,True,False,True,False,True,False
-0.7101271696099637,-0.888050790421696,-0.30226443761079025,1.6553940846041129,-0.643080552254339,1,False,True,False,False,False,False,False,True
-1.7595489804981423,1.2363685345041946,0.6562908613663462,-0.6993627924998883,-0.4030107708424071,0,False,False,True,True,False,True,False,False
-1.3729198922761818,-0.21367193404580195,-0.9413013035955479,0.0855561665347787,0.038615759526484,1,False,False,True,False,False,False,False,True
0.7259237295001754,-0.7028715380115379,-0.9413013035955479,-0.6993627924998883,-0.8990973875760792,0,False,True,False,False,True,True,False,False
-0.9310580771653697,-0.45768703101193275,-0.30226443761079025,-0.6993627924998883,-0.8410337950690967,0,False,True,False,True,False,True,False,False
-1.0415235309430728,-1.0274239526238595,-0.6217828706031691,1.6553940846041129,1.1489480068874915,1,False,False,True,True,False,True,False,False
-1.1519889847207758,-0.9185378786651995,0.6562908613663462,-1.4842817515345554,-0.742644918907702,1,True,False,False,False,True,False,False,True
1.0020873639444328,0.5334003261122467,0.975809294358725,-1.4842817515345554,-0.5356703104819633,0,True,True,False,False,True,False,False,True
-0.5444289889434092,-1.0697363409836198,1.295327727351104,0.8704751255694457,1.2488286950614123,1,False,False,False,False,True,True,False,False
-0.9862908040542212,-0.47421977496319717,0.6562908613663462,-0.6993627924998883,0.1566475515076737,0,False,False,True,False,True,False,False,False
-0.26826535449915173,-0.252742077528234,-0.6217828706031691,0.0855561665347787,-0.6040638574931364,1,True,True,False,False,True,False,False,False
0.06313100683395731,-1.0076528749778506,-0.9413013035955479,-0.6993627924998883,0.22812234018764016,0,False,False,False,True,False,False,False,False
-1.7043162536092908,2.925491559987095,-1.8998566025726844,0.0855561665347787,-1.0562147434048053,0,False,True,False,False,True,False,True,False
-0.0473344469437457,-0.7864260832523693,0.017253995381588543,0.8704751255694457,0.43180135484452226,0,True,False,True,True,False,False,False,False
-0.5444289889434092,-0.668888422157903,-0.30226443761079025,0.8704751255694457,-0.32089905354071474,0,False,False,False,True,False,False,False,True
-0.5996617158322607,-0.6692953178048495,0.017253995381588543,-0.6993627924998883,0.8259729565659245,1,False,False,True,False,True,False,False,False
1.0020873639444328,-0.7802801919832175,-1.8998566025726844,-0.6993627924998883,2.433066367196014,0,False,False,True,False,True,False,False,True
-0.4339635351657062,-1.068119071647912,-0.6217828706031691,-0.6993627924998883,1.8741851941972782,0,True,True,False,True,False,False,True,False
1.3887164521663933,0.3746994713323014,-1.2608197365879268,0.0855561665347787,1.6459437587873198,0,True,False,False,False,True,False,False,True
1.6096473597217993,2.6953355995124775,-1.2608197365879268,0.0855561665347787,-0.26381434801638365,0,True,False,True,False,True,False,False,True
1.5544146328329478,-0.7890392183608774,1.6148461603434827,1.6553940846041129,-0.5718225549362895,0,False,False,True,False,True,False,False,True
-0.5996617158322607,0.13254451726539607,0.975809294358725,1.6553940846041129,-0.3685357467746541,0,False,False,False,False,False,False,False,False
1.3887164521663933,0.42718109437888946,1.6148461603434827,1.6553940846041129,0.25058591568965966,1,True,False,True,True,False,True,False,False
1.3887164521663933,1.0154818486775372,-0.6217828706031691,0.0855561665347787,1.3670156357820913,0,False,False,True,False,False,False,False,True
-0.5996617158322607,-0.46267341146455415,-0.30226443761079025,0.0855561665347787,-0.8154714523722977,0,False,False,False,False,True,False,False,False
0.8916219101667299,-0.6709004386273554,0.017253995381588543,-1.4842817515345554,1.763549787904666,1,False,False,False,False,False,False,False,False
1.0573200908332843,-0.6348594731233561,0.6562908613663462,0.0855561665347787,0.8381817986218373,0,False,False,False,False,True,False,False,False
0.5049928219447694,0.3084347712365434,-0.6217828706031691,-0.6993627924998883,3.2997421825919306,1,False,False,False,False,False,True,False,False
-1.4833853460538848,0.8059145632519269,0.33677242837396737,0.0855561665347787,1.3309305049436018,1,True,True,False,False,True,True,False,False
-0.9862908040542212,-0.8482357583419111,0.017253995381588543,0.0855561665347787,-0.7059035152172612,0,False,False,False,False,False,True,False,False
1.1677855446109873,-0.5574370600890383,-0.30226443761079025,-0.6993627924998883,-0.9516216024953106,0,True,True,False,False,False,True,False,False
0.5602255488336209,1.4968144237530396,-0.6217828706031691,2.44031304363878,-0.9436115647113869,0,False,True,False,False,False,False,True,False
1.4991819059440963,0.7466887530928088,-1.2608197365879268,-0.6993627924998883,-0.6879668658545103,0,True,True,False,True,False,True,False,False
0.22882918750051182,3.3210685223259553,2.25388302632824,0.8704751255694457,0.0025553366728585203,1,False,False,True,False,False,True,False,False
0.007898279945105802,0.48138150573224786,0.975809294358725,0.0855561665347787,0.7733532834669413,0,True,True,False,True,False,True,False,False
-1.3729198922761818,-0.5176286569032734,0.975809294358725,0.8704751255694457,1.5270721656757844,0,False,True,False,False,True,False,False,True
1.1125528177221358,-0.08259858518503997,0.33677242837396737,1.6553940846041129,0.03107238763154269,0,True,False,True,False,False,False,False,True
1.4991819059440963,0.12589630769499777,0.33677242837396737,-0.6993627924998883,-1.072373971164501,0,False,False,True,False,True,True,False,False
0.6154582757224724,-0.9794460613067943,-1.8998566025726844,-1.4842817515345554,-0.8446858271867608,0,True,False,True,False,True,False,True,False
0.6154582757224724,-0.20064057389715864,-0.6217828706031691,1.6553940846041129,-0.9595055928629364,1,False,False,False,False,False,False,False,True
-1.5386180729427363,0.29581358016344705,-0.30226443761079025,0.8704751255694457,-0.5661615401842527,0,True,False,True,True,False,False,False,False
0.3392946412782148,-0.867371552767172,0.33677242837396737,-0.6993627924998883,-0.28871961631792953,0,True,False,True,False,False,False,False,True
-1.5938507998315878,0.606903460805512,-0.30226443761079025,0.0855561665347787,-1.0284118293129592,0,False,True,False,False,True,False,False,False
-1.4833853460538848,-0.10097989288910748,-0.9413013035955479,1.6553940846041129,-0.5923335399595001,1,False,False,True,False,True,False,False,True
0.6706910026113239,2.2914905280313698,-0.6217828706031691,0.8704751255694457,-0.854601332692035,0,True,False,False,False,False,True,False,False
-0.0473344469437457,-1.0218388050906755,0.33677242837396737,-0.6993627924998883,0.10370976210626011,1,False,False,True,True,False,False,False,True
1.0573200908332843,-0.728972110089272,-0.30226443761079025,-1.4842817515345554,-0.37015386636972414,0,True,False,False,True,False,True,False,False
-0.1577999007214487,-0.052726190861635366,-0.9413013035955479,1.6553940846041129,-0.3023747262632993,1,True,False,True,False,True,True,False,False
0.7811564563890269,-0.6809561028670017,0.975809294358725,-0.6993627924998883,-0.44514859193597794,0,True,False,True,False,True,False,False,True
0.11836373372280881,0.3153901835211559,-0.6217828706031691,-0.6993627924998883,2.4681963847407618,0,False,False,True,True,False,False,False,False
1.2230182714998388,0.5029854394138832,-0.6217828706031691,0.8704751255694457,-0.8043225633728095,0,True,False,True,False,False,False,False,False
0.3945273681670663,-0.9502065066881736,0.33677242837396737,0.8704751255694457,-0.2533056663974521,0,True,False,False,False,True,False,False,True
1.0573200908332843,-0.2725979314276824,-0.30226443761079025,0.0855561665347787,0.4334118374948838,0,False,False,False,True,False,True,False,False
-0.9310580771653697,-0.28382602934594553,-1.2608197365879268,-1.4842817515345554,-0.15476425093971627,0,False,True,False,False,True,False,False,False
-1.0967562578319243,-0.5603502115221706,-1.2608197365879268,0.8704751255694457,1.9247473951120735,0,False,False,False,False,False,False,True,False
0.9468546370555814,1.9165448623722001,1.9343645933358615,-0.6993627924998883,-0.5397418862988361,0,False,False,True,True,False,True,False,False
1.4991819059440963,0.8725936116337653,2.573401459320619,-0.6993627924998883,-0.3714174879969093,1,True,True,False,False,True,False,False,True
0.5049928219447694,0.25069615831444403,0.6562908613663462,0.0855561665347787,-0.973548329963694,0,True,True,False,False,False,True,False,False
-0.1577999007214487,0.3150127923066764,1.295327727351104,-0.6993627924998883,-0.01260050447532912,1,True,True,False,False,True,False,True,False
-0.7653598964988152,-0.3851975665001065,0.017253995381588543,-0.6993627924998883,-0.692780542932356,0,True,False,True,False,False,False,True,False
-0.8758253502765182,1.7356129286790913,-0.6217828706031691,0.0855561665347787,-0.880408447460037,0,False,False,False,False,False,False,False,False
1.2782509983886903,0.2411957053306693,0.975809294358725,-0.6993627924998883,-0.18588092832492806,0,True,False,True,True,False,False,True,False
-0.7653598964988152,0.3732151410183471,2.25388302632824,0.8704751255694457,-0.21594397491301767,0,True,True,False,False,False,True,False,False
-0.26826535449915173,1.1167075075027002,-2.219375035565063,-0.6993627924998883,-0.9891984305027655,1,False,False,True,False,True,False,False,False
1.3887164521663933,-0.7157365586965738,0.017253995381588543,-0.6993627924998883,0.28146220757743845,0,True,False,True,False,False,False,True,False
1.2230182714998388,0.7488485758656472,-0.30226443761079025,1.6553940846041129,0.031129140427515297,1,True,False,False,False,False,False,False,False
-0.37873080827685474,-0.8296778950715902,2.573401459320619,-0.6993627924998883,-0.8409113432824358,1,True,False,False,True,False,False,False,False
0.22882918750051182,-0.6015228666527727,0.017253995381588543,0.8704751255694457,-0.35915969602666487,0,True,True,False,False,False,False,False,True
-0.37873080827685474,-0.617831354015065,1.6148461603434827,-0.6993627924998883,0.36784024115548253,1,True,False,True,False,False,False,False,False
1.1125528177221358,3.1753532509547355,-0.6217828706031691,-1.4842817515345554,-0.22290098719744234,0,True,False,True,False,True,False,False,False
1.6096473597217993,1.0762727520349835,1.295327727351104,0.8704751255694457,-0.5073023266731564,1,False,False,False,True,False,False,True,False
-0.5444289889434092,0.2652479953574651,0.33677242837396737,-0.6993627924998883,-0.6369962091597363,1,False,False,True,True,False,True,False,False
-1.3176871653873303,0.365395398222844,-0.30226443761079025,-1.4842817515345554,-0.00854315711601643,0,True,False,True,True,False,True,False,False
-1.1519889847207758,-0.15714972072846717,-0.30226443761079025,0.8704751255694457,2.098797788784425,1,True,False,True,False,False,False,True,False
1.1125528177221358,2.178745021969283,-0.30226443761079025,-0.6993627924998883,0.18600078918460236,0,False,False,False,True,False,True,False,False
-1.7595489804981423,-0.3118944088067045,-0.30226443761079025,-0.6993627924998883,-0.9905806803742897,0,True,True,False,False,False,False,False,False
1.3887164521663933,-0.5404816560879092,-0.9413013035955479,1.6553940846041129,-0.3777314595573236,0,True,True,False,False,False,False,False,True
1.3887164521663933,-0.8730458573031837,0.017253995381588543,0.0855561665347787,1.435876406339211,0,True,False,True,False,True,False,False,False
-1.7595489804981423,0.6353494767081186,-0.6217828706031691,0.8704751255694457,-0.9661247468771351,0,False,True,False,False,True,False,False,False
0.7811564563890269,0.39572081569149586,0.017253995381588543,0.0855561665347787,3.767208663271576,1,True,False,False,False,True,False,False,True
0.06313100683395731,-0.5336140518342811,2.25388302632824,-0.6993627924998883,2.3016087623763934,0,False,False,False,False,True,False,True,False
-0.0473344469437457,-1.0415476755371433,0.017253995381588543,-1.4842817515345554,-0.9862424350520668,0,True,True,False,False,True,False,False,False
1.6096473597217993,0.948788451597197,0.017253995381588543,0.0855561665347787,1.997277546320543,0,False,True,False,False,False,False,False,False
1.1677855446109873,-1.0570569903654476,-0.9413013035955479,-1.4842817515345554,-0.566503680467319,0,False,False,True,False,False,False,True,False
0.8363891832778784,0.274644872173045,-1.2608197365879268,0.8704751255694457,1.035832565331551,1,True,True,False,True,False,False,False,False
-0.4339635351657062,2.815351770136253,0.017253995381588543,-0.6993627924998883,-0.4634668992749441,1,False,False,True,False,False,False,False,False
0.3945273681670663,-0.4335167258962363,0.6562908613663462,-1.4842817515345554,-0.4187290853463522,1,True,False,True,False,False,True,False,False
0.6706910026113239,-0.7737165578323866,0.6562908613663462,-0.6993627924998883,0.06317662651123063,0,False,False,False,False,True,False,True,False
1.1125528177221358,0.2790223777697288,-0.6217828706031691,-0.6993627924998883,0.6121941933599155,0,True,False,False,False,False,False,False,False
-1.7595489804981423,0.8080198799936582,-1.5803381695803056,1.6553940846041129,-1.0397587162491433,1,True,False,False,False,True,False,False,False
-0.9310580771653697,-0.19593946136261456,0.975809294358725,0.8704751255694457,-0.05769829684426247,1,False,False,False,True,False,False,False,True
1.5544146328329478,2.701680138274938,-0.30226443761079025,0.8704751255694457,-0.8441048992913884,0,True,True,False,True,False,False,False,True
0.3392946412782148,-1.0111146866818341,1.295327727351104,-0.6993627924998883,-0.5967312981911073,0,True,False,False,False,False,False,False,True
-1.5386180729427363,-0.2930035065103993,1.295327727351104,0.0855561665347787,-0.5932207555744566,1,False,True,False,True,False,False,False,False
-0.5996617158322607,0.3310973974326732,-0.9413013035955479,0.8704751255694457,-0.3599608783953893,1,True,False,False,False,False,False,False,False
-0.2130326276103002,1.1243217504079224,0.017253995381588543,0.8704751255694457,-0.6170551541760397,0,True,True,False,True,False,False,False,True
1.2230182714998388,-0.8514161653081705,-0.9413013035955479,1.6553940846041129,-0.9498356537139047,1,False,False,True,False,True,True,False,False
-1.6490835267204393,0.7090851219004787,0.6562908613663462,-1.4842817515345554,-0.9000869725319967,0,False,True,False,False,True,True,False,False
-1.1519889847207758,-0.18053769482478563,2.25388302632824,-1.4842817515345554,-1.0401712950970903,0,True,True,False,False,True,True,False,False
-0.37873080827685474,-0.5114944971186731,1.9343645933358615,0.8704751255694457,-0.3574159457927663,0,True,False,False,False,True,True,False,False
-0.9310580771653697,-0.913650292884943,-0.9413013035955479,0.0855561665347787,2.4283217795956555,0,False,True,False,False,False,False,True,False
1.0020873639444328,1.1458962754048796,0.6562908613663462,-0.6993627924998883,-0.9392109651348736,0,False,False,True,True,False,False,False,True
0.22882918750051182,-0.8806288688956943,-0.6217828706031691,-0.6993627924998883,2.24074042317788,0,True,False,True,False,False,False,False,False
-0.5996617158322607,-0.6599745491130941,0.33677242837396737,-0.6993627924998883,0.4220460559403468,0,False,False,False,False,True,False,False,True
1.3334837252775418,-0.6911443468527693,-1.2608197365879268,0.8704751255694457,0.07332834605016549,1,True,False,True,False,False,True,False,False
-0.2130326276103002,1.1972721311785774,0.975809294358725,-0.6993627924998883,0.0979580810202729,1,True,True,False,True,False,False,False,False
-1.0415235309430728,0.16467920558742088,-0.9413013035955479,-1.4842817515345554,0.9114333352418189,0,True,False,True,False,False,False,True,False
-0.26826535449915173,0.6908771081500904,0.33677242837396737,-0.6993627924998883,-0.9503967684583475,0,True,False,False,True,False,False,False,True
-1.5386180729427363,-0.751101744551814,0.017253995381588543,2.44031304363878,-0.2809438812653289,1,True,True,False,False,False,False,False,False
0.7811564563890269,0.013931471476712275,-0.6217828706031691,-0.6993627924998883,0.2772400986674436,0,False,False,False,True,False,False,False,False
0.8916219101667299,-0.13246287952265015,-0.9413013035955479,-1.4842817515345554,-0.07524286714744881,1,False,True,False,True,False,True,False,False
-0.1577999007214487,0.9072446459527301,-0.9413013035955479,0.8704751255694457,0.9517951552790289,1,False,False,True,False,True,True,False,False
0.7259237295001754,1.5445711259194697,-0.30226443761079025,0.0855561665347787,-0.9936127480915989,0,False,False,False,True,False,False,False,True
1.6096473597217993,-1.0562307126405663,-0.30226443761079025,-0.6993627924998883,0.25353725024511686,1,True,False,False,False,True,False,True,False
1.0573200908332843,0.1691352624706516,0.017253995381588543,-0.6993627924998883,-0.2117668710262106,1,True,True,False,False,True,False,False,False
-1.5386180729427363,-1.0109199478192072,0.017253995381588543,1.6553940846041129,-0.5375631149756495,0,True,False,False,False,True,True,False,False
-1.1519889847207758,-0.19000626342175864,0.6562908613663462,-0.6993627924998883,-0.6065394671824174,0,True,True,False,False,False,False,False,True
-0.9310580771653697,-0.6948941717580728,0.017253995381588543,0.0855561665347787,0.022292522638119205,0,False,True,False,False,False,True,False,False
-0.37873080827685474,-0.6647860053301013,1.6148461603434827,0.0855561665347787,1.4376586759658485,0,True,True,False,False,False,False,False,True
-0.37873080827685474,-0.5885886794973371,0.017253995381588543,-0.6993627924998883,-0.3004421970112246,0,True,True,False,False,False,True,False,False
0.8363891832778784,0.0034288516448619357,0.017253995381588543,1.6553940846041129,0.8983740488220786,0,False,False,True,True,False,False,True,False
-0.6548944427211122,-0.6204242485863558,0.33677242837396737,-0.6993627924998883,-0.49471022158398853,0,False,True,False,True,False,False,False,False
0.3392946412782148,0.38848240253594585,0.017253995381588543,-1.4842817515345554,-0.956135484833745,1,False,False,False,False,False,True,False,False
0.1735964606116603,-0.496792943128339,-1.8998566025726844,0.0855561665347787,-1.0067127308138328,0,False,False,True,True,False,False,False,False
0.007898279945105802,-0.9914965467056595,1.295327727351104,-1.4842817515345554,-1.018951868576202,0,True,False,False,True,False,False,False,True
1.6096473597217993,0.622777295661363,-0.9413013035955479,0.8704751255694457,-0.5357524772105244,0,True,False,True,False,True,False,True,False
-0.1577999007214487,-0.6977984965666165,0.975809294358725,-1.4842817515345554,-0.6117545740906751,0,False,True,False,False,True,False,False,False
0.22882918750051182,-0.4430948226076121,0.33677242837396737,2.44031304363878,0.3581954190265858,0,True,False,True,False,True,True,False,False
-0.5444289889434092,0.20856335615378474,-2.538893468557442,0.8704751255694457,0.4630602564511903,0,True,False,True,False,True,False,False,False
1.3887164521663933,-0.6230662430058802,1.295327727351104,-0.6993627924998883,-1.0195266837434973,0,True,False,False,True,False,False,False,False
-1.2624544384984788,-1.0053693003972515,-2.219375035565063,0.0855561665347787,-0.7950483584265355,1,False,False,False,False,False,False,False,True
1.1677855446109873,-0.552188769726003,1.295327727351104,0.0855561665347787,-0.7148175104296711,1,True,True,False,True,False,False,True,False
-1.5386180729427363,2.1248874733993617,-0.30226443761079025,0.0855561665347787,-0.17817529042413874,0,False,False,True,True,False,False,True,False
0.1735964606116603,0.06475823586181825,-0.30226443761079025,-0.6993627924998883,-0.9015657829748416,0,True,False,True,True,False,False,False,False
0.06313100683395731,0.16055414390077571,0.33677242837396737,1.6553940846041129,-0.91551349615824,0,True,False,True,False,True,False,False,False
1.0573200908332843,0.03597634635102432,-0.6217828706031691,-0.6993627924998883,2.1896018334942817,1,True,True,False,False,True,False,False,True
-0.1025671738325972,-0.8245135663124215,-0.30226443761079025,1.6553940846041129,0.7726721884130453,0,False,True,False,False,True,False,False,False
-1.2624544384984788,-0.47086537690617064,0.33677242837396737,-1.4842817515345554,-0.8525589010736047,1,True,True,False,False,False,False,False,True
1.3887164521663933,0.46660135265763986,-0.6217828706031691,0.0855561665347787,-0.486301214135279,0,False,True,False,True,False,False,True,False
-0.7653598964988152,-0.9516132826073935,0.017253995381588543,0.0855561665347787,-0.5798150529164342,0,False,True,False,False,False,False,True,False
1.3887164521663933,-0.7099645837283138,0.975809294358725,-0.6993627924998883,0.6986038537975341,0,False,False,False,False,True,False,False,True
-0.0473344469437457,-0.7123093594988448,1.6148461603434827,1.6553940846041129,-0.268360117728044,1,True,False,True,False,False,False,False,False
-1.7595489804981423,-0.4445512289187459,0.017253995381588543,0.0855561665347787,-0.9234714027577636,1,True,False,True,True,False,False,True,False
1.2782509983886903,3.2745424700134445,-0.6217828706031691,1.6553940846041129,0.4462786694836501,0,True,False,True,True,False,True,False,False
-1.5386180729427363,-0.9925052416461413,0.33677242837396737,0.0855561665347787,-0.5046718635815822,0,True,False,True,False,True,False,False,True
0.6706910026113239,-0.2615241729679291,-1.5803381695803056,0.8704751255694457,-0.732417682564463,0,False,False,True,False,True,False,True,False
-1.5938507998315878,-0.8512692783487378,2.573401459320619,0.8704751255694457,-0.5442409585200849,0,False,False,True,False,False,False,True,False
-0.9310580771653697,2.831048860187902,0.33677242837396737,-0.6993627924998883,-0.2968745523945749,1,False,False,True,False,True,False,True,False
-0.4891962620545577,-0.936841305125547,0.33677242837396737,-1.4842817515345554,-0.6016403279796627,1,True,False,True,False,True,True,False,False
-0.9310580771653697,-0.4985110408376527,0.33677242837396737,-0.6993627924998883,-0.7643415365383457,1,False,False,False,True,False,True,False,False
1.2230182714998388,0.4101360187264226,-0.30226443761079025,0.0855561665347787,-0.5016292485330344,1,True,False,True,False,True,True,False,False
-1.7043162536092908,0.27783743297811364,0.33677242837396737,0.0855561665347787,-1.0568056191115938,0,False,False,False,False,True,False,False,False
0.8916219101667299,-0.4624830409202362,-0.6217828706031691,1.6553940846041129,0.6022715248879725,1,True,True,False,True,False,False,False,True
-0.26826535449915173,-0.5995251622769943,0.6562908613663462,-0.6993627924998883,-0.8659352640564117,1,True,False,True,True,False,False,False,False
-0.0473344469437457,-0.5095537422589387,-0.9413013035955479,0.8704751255694457,-1.0278093944541729,0,False,True,False,False,False,True,False,False
-0.32349808138800323,-0.730550408810235,0.017253995381588543,1.6553940846041129,0.12523685204307008,1,False,True,False,False,True,False,False,True
-0.7101271696099637,-0.8157296442264781,0.33677242837396737,1.6553940846041129,0.6094723336235907,0,False,True,False,True,False,False,False,False
-0.4891962620545577,-0.3405238255121071,-0.6217828706031691,-0.6993627924998883,0.8299118529326347,1,False,False,False,False,False,False,False,False
-1.1519889847207758,-0.7241360186799295,-0.9413013035955479,0.0855561665347787,-0.3064359875319991,0,True,True,False,False,False,False,False,False
0.9468546370555814,-0.69515954643144,-0.9413013035955479,0.8704751255694457,-0.8177858232356263,0,False,True,False,False,True,True,False,False
0.11836373372280881,0.1120992425594377,-0.30226443761079025,-1.4842817515345554,0.43862936115518275,0,False,True,False,False,True,False,True,False
1.4991819059440963,2.7532244766138008,-0.30226443761079025,-0.6993627924998883,0.2871106877853878,0,False,False,True,False,False,False,False,True
0.007898279945105802,-0.04693215633633507,1.295327727351104,0.0855561665347787,-0.7577852699230451,0,True,False,True,True,False,True,False,False
0.007898279945105802,-0.9812152814488707,-0.30226443761079025,0.8704751255694457,1.5749184112164372,0,True,False,False,False,False,False,False,True
1.5544146328329478,-0.982885436476558,0.6562908613663462,0.0855561665347787,-0.9536320003880345,0,False,False,False,False,True,True,False,False
1.0020873639444328,2.273170232308045,1.9343645933358615,-0.6993627924998883,3.5267859637656906,0,True,False,True,True,False,False,False,False
0.5602255488336209,-0.6798071555227998,-0.6217828706031691,-0.6993627924998883,1.155535790315498,1,False,False,False,True,False,False,False,False
0.22882918750051182,-0.9629999572353084,-0.9413013035955479,-1.4842817515345554,0.24329638283166272,1,True,False,True,False,False,False,True,False
-1.1519889847207758,-0.059664829148373774,0.6562908613663462,0.0855561665347787,2.0921269729075194,0,True,True,False,False,True,False,True,False
-1.6490835267204393,0.010327169406441938,-0.30226443761079025,0.0855561665347787,0.37594068657954777,1,True,True,False,False,False,False,False,True
-1.7595489804981423,0.08584468908263307,0.33677242837396737,-0.6993627924998883,-0.8388939221305871,0,True,False,False,False,False,False,True,False
0.007898279945105802,-0.7258447299071588,0.975809294358725,0.0855561665347787,-0.4160841610433894,1,False,False,True,False,False,False,True,False
0.3945273681670663,-1.0529208013997844,1.295327727351104,0.8704751255694457,-0.9945531069952877,0,False,False,True,True,False,False,False,True
-1.2624544384984788,2.6359506394487973,2.25388302632824,0.0855561665347787,-0.5182028472156839,0,False,False,False,True,False,True,False,False
0.5602255488336209,-0.750474656463223,-0.6217828706031691,0.0855561665347787,0.4576936013026025,0,True,False,True,False,True,False,True,False
0.6154582757224724,0.1759589051306742,-0.30226443761079025,0.8704751255694457,-0.5241661508525247,0,False,True,False,False,True,True,False,False
-0.2130326276103002,0.2856289057381753,-0.30226443761079025,0.0855561665347787,-0.6235878868603576,1,False,False,False,False,False,False,False,False
-1.0967562578319243,-0.029024803048424048,-0.9413013035955479,0.0855561665347787,-0.05154279219551522,1,False,False,False,False,False,False,True,False
-1.1519889847207758,-0.6549679002605912,-0.6217828706031691,-0.6993627924998883,1.2570849364080525,0,True,False,True,False,False,False,False,False
-0.1025671738325972,-0.7202573060841164,-1.2608197365879268,1.6553940846041129,-1.0234325436117635,0,True,False,False,False,True,False,False,False
0.7259237295001754,-0.06345213780314496,-0.30226443761079025,2.44031304363878,-0.5259651160181777,1,True,False,True,True,False,True,False,False
-1.7043162536092908,1.1524787606017455,-1.2608197365879268,-0.6993627924998883,-0.8832016686286973,1,False,False,True,True,False,False,False,True
1.5544146328329478,2.171313864264264,0.6562908613663462,-0.6993627924998883,0.27074832112185016,0,False,False,True,False,False,False,True,False
1.0020873639444328,-0.9460240586357617,0.6562908613663462,1.6553940846041129,-0.9519153689294358,0,False,False,True,False,False,True,False,False
0.9468546370555814,-0.8838303257443063,0.017253995381588543,0.0855561665347787,0.16225633323320107,0,True,False,True,False,False,False,False,True
0.11836373372280881,2.13062589086924,0.6562908613663462,1.6553940846041129,-0.6960157888664573,0,True,False,False,False,False,False,False,False
-0.5444289889434092,0.4044592095108923,0.6562908613663462,0.8704751255694457,-0.8269665090163554,0,False,True,False,False,True,False,True,False
-0.8758253502765182,1.3015746894004405,0.017253995381588543,0.0855561665347787,2.0485353153025065,0,True,True,False,True,False,False,False,False
-0.37873080827685474,-0.8194789191240519,0.6562908613663462,0.0855561665347787,-1.0575558741604316,1,True,False,False,False,False,False,False,False
-1.3729198922761818,-0.09080803790881684,1.295327727351104,-1.4842817515345554,-0.4249617721765601,0,True,False,False,False,True,False,True,False
-0.2130326276103002,0.265136056197772,-1.8998566025726844,0.0855561665347787,-1.0539612462702888,1,True,True,False,False,False,False,False,True
-0.37873080827685474,0.18998559809431959,-0.30226443761079025,-1.4842817515345554,-0.3284500328157355,1,False,True,False,False,False,False,False,True
-1.2624544384984788,-0.49004541704682264,-0.9413013035955479,1.6553940846041129,-0.2894107202423617,1,True,True,False,True,False,False,True,False
-0.37873080827685474,-1.052601818561968,0.017253995381588543,0.8704751255694457,-0.63812823113392,0,True,True,False,False,False,False,True,False
1.6096473597217993,-0.10322597926557031,-0.6217828706031691,0.8704751255694457,-0.9178439297599976,1,True,True,False,True,False,True,False,False
0.06313100683395731,-0.7472114102400237,1.295327727351104,-1.4842817515345554,-0.5426236885278122,0,True,False,True,True,False,True,False,False
1.0020873639444328,-0.4084848295816515,-0.9413013035955479,1.6553940846041129,0.18779424469604256,0,False,False,False,True,False,False,False,False
0.4497600950559178,2.422985067989794,-0.6217828706031691,0.0855561665347787,0.6527759803093921,0,False,False,True,False,True,False,True,False
-1.4281526191650333,-0.5069398944953739,0.017253995381588543,-0.6993627924998883,-0.21972400540431353,0,True,True,False,False,True,False,False,True
-1.5938507998315878,0.9543234461977309,-1.2608197365879268,-0.6993627924998883,-0.06693036012184166,1,True,True,False,True,False,False,False,False
1.3887164521663933,-0.8388414403178461,1.9343645933358615,0.8704751255694457,-0.8245551304641989,1,True,True,False,False,False,False,False,False
1.1125528177221358,0.16386063032568876,0.017253995381588543,0.0855561665347787,-0.6941859932594806,0,True,False,True,True,False,False,False,False
0.9468546370555814,3.0998386744834603,-1.5803381695803056,-0.6993627924998883,-0.8782611283032131,0,True,False,True,False,False,False,False,False
0.6706910026113239,-0.9509732885874255,-0.6217828706031691,0.0855561665347787,-0.7532199231483824,0,True,True,False,True,False,False,False,True
-1.2072217116096273,-1.0605152010485521,-2.538893468557442,-0.6993627924998883,-0.7895488656878514,0,False,False,True,False,False,False,False,False
-0.2130326276103002,-0.4415038914087641,0.975809294358725,0.0855561665347787,-0.2467456860332618,1,True,False,True,False,True,False,True,False
1.2782509983886903,-0.9623198816315184,0.017253995381588543,0.8704751255694457,-0.13969106279405474,0,False,True,False,False,False,True,False,False
0.1735964606116603,0.4553189690580833,-0.30226443761079025,0.0855561665347787,2.2132472080047134,1,False,False,True,True,False,False,False,True
-0.4339635351657062,1.6489291329710198,0.975809294358725,-0.6993627924998883,-0.831699226303294,0,True,False,False,False,True,False,True,False
-0.6548944427211122,-0.440648547429919,-0.30226443761079025,-1.4842817515345554,0.08648682308640855,0,False,False,False,False,False,False,True,False
1.5544146328329478,-0.7388783982309156,0.017253995381588543,-1.4842817515345554,0.8510262066069674,0,False,False,False,False,False,False,True,False
1.3334837252775418,-0.4399016518985504,-0.6217828706031691,-0.6993627924998883,-0.14602726228214255,0,False,False,False,False,False,True,False,False
0.1735964606116603,0.350877329324472,0.017253995381588543,0.0855561665347787,-0.7445534903192946,0,False,True,False,False,False,True,False,False
-1.2624544384984788,-1.059696601229685,-1.2608197365879268,0.0855561665347787,-0.7329936737522081,1,False,True,False,False,False,True,False,False
0.22882918750051182,-0.08579024297321604,-0.6217828706031691,0.0855561665347787,-1.033319871662519,1,False,True,False,False,True,False,True,False
-1.3176871653873303,-0.01967776704508417,-1.5803381695803056,-0.6993627924998883,-0.6649546894756646,0,True,False,False,False,True,True,False,False
-0.4891962620545577,0.052345927754049074,-0.30226443761079025,-0.6993627924998883,0.47095560832163924,0,False,False,False,False,True,False,False,False
0.11836373372280881,-0.7634860788693753,-0.9413013035955479,0.0855561665347787,-1.0235105475378763,0,False,False,True,False,True,True,False,False
0.8916219101667299,0.3139535621751028,-1.5803381695803056,-1.4842817515345554,-0.7977099397375167,0,False,False,True,True,False,False,False,True
0.11836373372280881,-0.9638219470826151,-0.6217828706031691,-0.6993627924998883,0.3120323109207433,0,True,False,False,False,True,False,True,False
0.8363891832778784,-0.8241296394853894,1.6148461603434827,0.8704751255694457,0.6541112128219025,0,False,False,False,False,False,False,True,False
0.1735964606116603,1.2505912916589448,-1.5803381695803056,-1.4842817515345554,-0.38897357286753187,1,True,False,False,False,False,False,False,False
-0.8205926233876667,0.4136759102877264,2.573401459320619,-1.4842817515345554,0.28093141995361426,1,False,False,False,False,True,True,False,False
0.8916219101667299,-1.0544516858645794,-0.30226443761079025,-0.6993627924998883,-0.5213706300574938,1,True,False,True,False,False,True,False,False
0.3392946412782148,-0.7541817230364366,-0.6217828706031691,-0.6993627924998883,-0.8809434970169556,0,True,False,False,False,True,False,False,True
-0.0473344469437457,-0.8030373654995181,0.017253995381588543,-1.4842817515345554,-0.5022945021692842,1,False,False,True,False,False,False,False,False
-0.4891962620545577,-0.7206968343308796,1.295327727351104,0.0855561665347787,-0.09391902100759501,0,False,False,False,True,False,False,False,True
-0.5444289889434092,-0.7553816953445428,0.33677242837396737,0.0855561665347787,2.279179653245823,0,True,False,False,True,False,False,False,True
1.6096473597217993,-0.9983876471707219,0.017253995381588543,0.0855561665347787,-0.9979134420227491,1,False,False,False,False,True,False,True,False
-0.0473344469437457,-0.3908820243387945,0.33677242837396737,-1.4842817515345554,-0.2748757978897226,0,True,False,True,False,True,False,True,False
0.22882918750051182,0.38862474938069635,0.975809294358725,0.8704751255694457,-0.6259155976573506,0,True,False,True,False,True,True,False,False
-1.1519889847207758,-0.03826935328611371,-0.30226443761079025,-1.4842817515345554,-0.2727588758014399,1,True,True,False,False,False,True,False,False
0.8916219101667299,0.1652489441575341,-0.30226443761079025,0.0855561665347787,-1.0512326103312393,1,True,False,False,False,True,False,False,True
1.2230182714998388,-0.9762110887638262,0.017253995381588543,0.8704751255694457,-0.6524936630697487,1,True,True,False,True,False,True,False,False
-1.0967562578319243,2.2747068465308526,0.33677242837396737,1.6553940846041129,0.8673523368641095,0,False,True,False,False,False,False,False,True
-0.5444289889434092,0.9453238084470446,0.975809294358725,0.0855561665347787,-0.16217684890617906,0,True,False,True,False,True,True,False,False
-0.4339635351657062,0.7375601682292435,-0.9413013035955479,0.0855561665347787,-0.3988029552085743,1,True,False,True,False,False,True,False,False
0.11836373372280881,0.8439893092729406,-0.9413013035955479,-0.6993627924998883,-0.6970584166091796,0,False,True,False,False,False,False,True,False
0.4497600950559178,1.913018438940928,0.33677242837396737,1.6553940846041129,-0.6769902625929761,0,True,False,False,False,True,False,True,False
-0.1577999007214487,-0.20123001881311822,-1.2608197365879268,0.8704751255694457,-0.5303336206421184,0,False,False,True,False,False,False,True,False
-0.8758253502765182,-0.8227323418545249,1.295327727351104,0.8704751255694457,0.9709097584962879,0,False,False,False,True,False,False,True,False
0.8916219101667299,-0.009652269234945679,0.6562908613663462,0.0855561665347787,2.8016791201226248,0,False,False,False,True,False,False,False,False
1.6096473597217993,0.4314078026884721,-1.5803381695803056,-0.6993627924998883,-0.4231870690837243,0,True,True,False,False,False,False,True,False
-0.7101271696099637,0.4102726816527775,-0.30226443761079025,0.8704751255694457,-0.5113075359168311,0,True,True,False,False,True,False,False,False
0.8363891832778784,-0.25519559940714837,2.573401459320619,-0.6993627924998883,1.0493777711867858,0,True,True,False,False,False,False,True,False
-0.4339635351657062,-0.9913713593003156,-0.6217828706031691,-1.4842817515345554,-0.4467077803090706,0,False,True,False,True,False,True,False,False
-0.5996617158322607,-0.5571349418755598,0.6562908613663462,0.8704751255694457,-0.16706253809021115,0,True,False,True,False,False,False,False,True
-1.0967562578319243,1.7324291556746212,0.6562908613663462,0.0855561665347787,-0.7806447949335544,1,False,False,True,False,False,True,False,False
1.4439491790552448,-0.09918305541866507,-2.219375035565063,0.8704751255694457,0.4660708768483958,0,True,True,False,True,False,True,False,False
-0.7653598964988152,-0.2154991416421574,-0.6217828706031691,0.8704751255694457,-0.21672527996379556,0,False,False,True,False,False,False,False,False
0.8916219101667299,-0.7236527606544095,0.017253995381588543,-1.4842817515345554,0.8010415191658772,1,True,True,False,False,False,False,True,False
0.1735964606116603,-0.5618069427950129,-0.9413013035955479,0.8704751255694457,0.6441315321820003,0,True,False,False,False,True,False,False,True
-1.1519889847207758,1.4248839828929174,-0.30226443761079025,0.0855561665347787,-0.8039326268926748,0,True,False,False,False,True,False,False,True
1.5544146328329478,0.1438060550254724,0.6562908613663462,0.0855561665347787,0.34896885321507276,0,False,False,False,True,False,False,True,False
0.4497600950559178,0.6414736943871101,0.33677242837396737,0.8704751255694457,0.7488670829525742,1,False,True,False,True,False,False,False,False
-0.7653598964988152,-0.4002289379484269,0.6562908613663462,-0.6993627924998883,-0.5964574675890586,1,True,False,False,True,False,False,False,False
-1.1519889847207758,0.02987685931200295,0.33677242837396737,-0.6993627924998883,-0.8636538217051049,1,True,False,True,False,True,False,False,False
-1.3176871653873303,-0.7541709174230086,-0.9413013035955479,0.0855561665347787,-1.0757933225670584,1,False,False,False,True,False,False,False,True
-1.4281526191650333,0.28123342851266186,0.017253995381588543,-0.6993627924998883,-0.39813907095421247,0,False,False,False,True,False,False,False,False
-0.26826535449915173,-0.45311421108581895,-1.8998566025726844,-1.4842817515345554,-0.5854206749800791,0,False,False,False,True,False,False,False,False
-1.0415235309430728,-0.42387524445722885,-0.6217828706031691,0.0855561665347787,-0.15970997812470109,0,True,False,True,False,True,False,False,True
-0.1025671738325972,0.08841824056512179,0.017253995381588543,1.6553940846041129,-0.8422772078803511,0,False,True,False,False,False,False,False,True
1.0573200908332843,1.9732709860827302,-0.6217828706031691,0.0855561665347787,1.1508151194010101,1,True,False,True,True,False,True,False,False
-0.7653598964988152,-0.9966413539337893,-0.9413013035955479,-1.4842817515345554,-0.7403522777212097,0,False,True,False,False,False,False,False,True
1.3887164521663933,0.8550296744455408,0.6562908613663462,-0.6993627924998883,-0.7872866701593929,0,True,True,False,True,False,False,True,False
0.7811564563890269,-0.6874992570709367,-0.30226443761079025,2.44031304363878,-0.3347623177263994,1,False,False,False,False,False,False,False,True
-0.9310580771653697,-0.42114783352253793,0.975809294358725,1.6553940846041129,-0.2943976700445856,0,False,True,False,False,True,False,False,True
1.1125528177221358,-1.0452604074922507,-1.8998566025726844,1.6553940846041129,-0.8038162453464817,0,False,False,True,False,True,False,False,False
-1.5386180729427363,-0.6738848998218768,-0.6217828706031691,1.6553940846041129,-0.7185677858117469,0,False,False,True,True,False,True,False,False
0.11836373372280881,-0.2978235767111479,1.295327727351104,0.8704751255694457,-0.867631705279061,0,False,True,False,False,False,False,False,False
-1.1519889847207758,-1.0058490308770631,0.6562908613663462,0.0855561665347787,0.36030323740411413,0,True,False,False,False,True,True,False,False
-0.4339635351657062,-0.3231647481137531,-1.8998566025726844,-0.6993627924998883,0.5903130751084743,0,False,False,False,True,False,False,False,False
1.0573200908332843,1.8246669474915074,-0.6217828706031691,-0.6993627924998883,-0.3742661488465168,0,False,False,True,True,False,False,True,False
1.4439491790552448,-0.9466575137249759,0.975809294358725,-0.6993627924998883,0.3428027614511379,1,False,False,False,False,True,False,False,False
-0.6548944427211122,0.5281986670518435,0.975809294358725,-1.4842817515345554,0.4330593105741808,1,True,True,False,False,True,False,False,False
0.1735964606116603,-0.48720445379321803,-0.30226443761079025,-0.6993627924998883,-0.9098170038042052,0,False,True,False,True,False,False,True,False
1.1125528177221358,0.10701581268591807,-0.9413013035955479,1.6553940846041129,2.7663854894496214,0,True,False,True,False,False,False,True,False
-0.5444289889434092,-0.7366023903972988,0.33677242837396737,-1.4842817515345554,0.8747117043997047,1,False,True,False,False,False,False,False,True
-0.9310580771653697,-0.8777147307713671,0.017253995381588543,-0.6993627924998883,-0.8190492382440611,1,False,False,True,False,False,False,False,False
1.3334837252775418,-0.8764380131358878,0.33677242837396737,0.8704751255694457,-0.8448975426172485,0,True,True,False,True,False,False,True,False
0.3392946412782148,-0.988956373517234,0.017253995381588543,-0.6993627924998883,-0.9263170109680833,0,False,False,True,False,True,False,True,False
0.6706910026113239,-0.8427760365147604,-0.9413013035955479,0.0855561665347787,-0.9096812388066652,1,True,False,False,True,False,False,False,True
1.1125528177221358,0.13639613517690657,-0.6217828706031691,-0.6993627924998883,0.48688484571258905,0,True,True,False,False,True,True,False,False
0.5049928219447694,1.2893325940275526,0.017253995381588543,0.0855561665347787,-0.35869010098970056,0,False,True,False,False,False,False,True,False
1.3887164521663933,0.7900210049918834,-0.9413013035955479,0.8704751255694457,0.6555884813718471,0,True,False,True,False,False,False,True,False
0.3392946412782148,0.20747615880703574,1.295327727351104,-0.6993627924998883,0.4783201016749797,0,False,False,True,False,True,False,False,False
-1.0415235309430728,-0.9404149342107565,1.295327727351104,2.44031304363878,-0.02526685756002197,0,False,True,False,False,True,False,False,True
-0.1025671738325972,-0.6924793872381818,0.33677242837396737,2.44031304363878,0.2377366175332342,0,True,False,True,True,False,False,False,False
1.3887164521663933,-0.6599440981017064,0.017253995381588543,-0.6993627924998883,-1.0577511895405933,1,True,True,False,False,False,True,False,False
-1.5386180729427363,-0.7518549245714029,0.33677242837396737,-1.4842817515345554,-0.6545539333495103,0,True,False,False,True,False,False,False,True
0.11836373372280881,-0.2699776129962954,-0.30226443761079025,-0.6993627924998883,0.0743416474298395,0,True,False,True,True,False,False,False,False
-0.5444289889434092,-0.22213008962735106,0.017253995381588543,0.8704751255694457,-1.0681257143679808,0,False,True,False,True,False,False,True,False
-0.2130326276103002,-0.5818595495733304,-1.2608197365879268,-0.6993627924998883,-1.040712738629952,1,False,False,False,False,False,False,True,False
0.5602255488336209,-0.5871688892434128,0.017253995381588543,-1.4842817515345554,1.0895716499791606,0,True,False,False,True,False,False,False,True
-1.2072217116096273,0.8793373115059716,-1.5803381695803056,0.8704751255694457,0.22929069586140707,0,False,True,False,True,False,False,True,False
-0.8205926233876667,0.6514255215978658,0.33677242837396737,0.0855561665347787,-0.7286443898744587,0,False,False,True,True,False,False,False,False
0.7811564563890269,-0.6631597978968996,-1.5803381695803056,-1.4842817515345554,0.24352994035134043,1,False,True,False,True,False,False,False,True
-1.1519889847207758,1.6391398189172184,-0.9413013035955479,-1.4842817515345554,0.7065227830020996,0,False,False,False,True,False,False,True,False
-1.3176871653873303,2.3052994874340778,-0.9413013035955479,-0.6993627924998883,-0.6627455998316168,0,True,True,False,True,False,False,True,False
-1.2624544384984788,-0.6324859145415147,1.9343645933358615,0.0855561665347787,-1.037113750837567,0,True,False,True,False,False,True,False,False
1.3887164521663933,-0.5860809370796859,-0.6217828706031691,-0.6993627924998883,1.9865148267799213,1,False,False,False,True,False,True,False,False
0.6154582757224724,-0.2911303603822009,-0.6217828706031691,-1.4842817515345554,-0.5980666304818576,0,True,True,False,False,True,False,False,True
-0.8758253502765182,2.0605861109391315,1.9343645933358615,0.8704751255694457,-0.9509535995592999,1,True,False,True,True,False,True,False,False
1.5544146328329478,1.240260999680538,0.6562908613663462,-1.4842817515345554,-0.31013391961742715,1,True,False,False,True,False,False,False,False
0.2840619143893633,-0.9501424693335258,2.573401459320619,0.0855561665347787,0.5823348596341575,1,False,False,True,False,False,False,True,False
-1.4281526191650333,-0.5184743010238008,0.975809294358725,-0.6993627924998883,-0.7942841749480022,0,False,False,False,False,False,False,True,False
0.7259237295001754,-0.17889548059802776,0.33677242837396737,-0.6993627924998883,-0.7222583936484852,1,False,True,False,False,True,False,True,False
-1.0967562578319243,-0.2967091949697761,1.6148461603434827,0.8704751255694457,-0.7631289345466932,0,True,False,True,False,True,False,False,True
0.3945273681670663,-0.831568155894126,0.975809294358725,0.0855561665347787,3.767208663271576,0,False,False,False,False,False,False,False,True
0.5049928219447694,1.0939754473051806,0.017253995381588543,0.8704751255694457,-0.8291090075208658,1,False,False,True,False,False,True,False,False
-1.3176871653873303,0.17908312640632978,-0.30226443761079025,0.8704751255694457,-0.10587817113046953,0,True,False,True,True,False,False,True,False
0.9468546370555814,0.9413382503375051,1.9343645933358615,2.44031304363878,1.8661978655517646,0,False,True,False,False,False,False,True,False
-0.32349808138800323,1.0935645962915725,-0.6217828706031691,0.0855561665347787,-0.8984008737304494,0,False,False,True,False,True,False,True,False
1.3887164521663933,0.4551938053573056,-0.30226443761079025,-1.4842817515345554,2.9353317450227947,0,True,False,False,True,False,False,True,False
-1.7043162536092908,-0.4304675284641146,-0.30226443761079025,-0.6993627924998883,2.266658357093498,0,True,False,False,False,True,False,True,False
-1.5386180729427363,-0.027495260113642322,0.6562908613663462,-0.6993627924998883,1.3726497773670694,1,True,False,False,True,False,False,False,False
-0.2130326276103002,-0.8765659789834639,-0.6217828706031691,0.0855561665347787,-0.8045807722643366,1,False,False,False,False,False,False,True,False
0.22882918750051182,0.16786623851332808,-1.2608197365879268,0.8704751255694457,0.06259307319350783,0,False,True,False,False,True,False,False,False
0.2840619143893633,-0.8514193381935048,-0.30226443761079025,1.6553940846041129,0.5457768499292655,0,False,False,True,True,False,False,True,False
-0.7653598964988152,0.23886093054871632,0.975809294358725,-1.4842817515345554,3.767208663271576,1,True,True,False,True,False,False,False,True
-1.3729198922761818,-0.7814550610744082,-0.30226443761079025,-0.6993627924998883,-0.852879070868437,0,True,False,True,False,False,False,False,True
0.8363891832778784,-0.9315338354571442,1.295327727351104,0.0855561665347787,0.5704229421592192,0,False,False,True,False,False,False,False,False
0.6706910026113239,-0.8700717770603373,0.017253995381588543,0.0855561665347787,-0.6090730823403101,0,False,False,True,False,False,False,True,False
-1.7595489804981423,-1.0675452167748327,0.975809294358725,0.8704751255694457,-0.8595056710637656,0,True,True,False,False,True,False,False,True
-0.5996617158322607,0.3322193977920293,-0.30226443761079025,-0.6993627924998883,-0.45760789813071384,0,True,False,True,True,False,False,False,True
1.0573200908332843,0.3872509076986113,0.017253995381588543,-0.6993627924998883,0.7140932934341037,0,True,True,False,False,False,False,True,False
-0.8758253502765182,-0.27014238547330993,0.975809294358725,0.0855561665347787,-0.36892942266133905,0,True,False,False,False,True,False,True,False
-1.4281526191650333,-0.8752522932440328,-0.9413013035955479,-1.4842817515345554,-0.20321791423002225,0,False,False,False,False,True,False,False,True
-0.4339635351657062,-0.9733142496596513,-0.9413013035955479,0.8704751255694457,3.767208663271576,0,True,False,True,False,True,False,True,False
0.6706910026113239,-1.0484022727416016,0.33677242837396737,0.8704751255694457,-0.5004823801046192,1,False,True,False,False,False,True,False,False
-1.5938507998315878,-0.8694576425542129,0.33677242837396737,0.8704751255694457,0.006142514863659093,1,False,False,False,False,False,False,True,False
0.1735964606116603,1.3784489256925203,-0.6217828706031691,0.8704751255694457,-0.56273289336275,0,False,True,False,True,False,False,False,True
-1.4833853460538848,-0.7641933991317621,0.33677242837396737,0.0855561665347787,-0.5123685896490672,0,True,True,False,True,False,False,False,True
1.4991819059440963,-0.5863439096100852,0.33677242837396737,2.44031304363878,0.2718165983897388,1,True,False,True,False,False,False,False,False
-0.1025671738325972,-0.9467164845540202,0.6562908613663462,0.8704751255694457,2.076242809147355,0,True,False,False,False,True,True,False,False
-0.7653598964988152,-0.791788796494916,-0.9413013035955479,-0.6993627924998883,-0.19128327174250764,1,True,False,True,False,True,False,False,True
1.5544146328329478,-0.2603211940903269,-1.2608197365879268,1.6553940846041129,0.582002102131308,0,False,False,True,False,True,True,False,False
0.6154582757224724,-0.035396324066708215,2.573401459320619,0.0855561665347787,-0.9726956739829563,1,True,False,False,True,False,False,True,False
1.1677855446109873,-0.7586194234275183,-0.9413013035955479,0.0855561665347787,-0.8094828306850431,0,True,False,False,False,True,False,False,True
0.3392946412782148,-1.0040253187085026,0.975809294358725,-1.4842817515345554,-0.2869407384068623,0,False,True,False,True,False,False,False,False
-0.32349808138800323,-0.5215601477811934,0.33677242837396737,-0.6993627924998883,-1.055834204826981,1,True,False,False,True,False,False,False,True
-1.2624544384984788,-0.7748284726198424,1.295327727351104,0.0855561665347787,-0.7478234084217662,0,False,True,False,False,True,False,False,False
-0.37873080827685474,-0.7957716780789179,0.33677242837396737,-0.6993627924998883,-0.25157300518274267,0,False,True,False,False,True,True,False,False
-0.7653598964988152,2.4840965502516066,2.573401459320619,0.8704751255694457,-1.0616706047740243,0,False,True,False,False,False,False,False,False
0.3392946412782148,-0.011044770607002622,0.33677242837396737,2.44031304363878,-0.7299163384896512,1,False,False,False,False,False,False,True,False
1.6096473597217993,-0.17018207777226765,0.6562908613663462,0.0855561665347787,-0.2594750277753964,0,False,False,True,False,True,False,True,False
-1.6490835267204393,-0.4757166861305653,-0.9413013035955479,0.0855561665347787,-0.11220236035255296,0,False,True,False,True,False,False,True,False
0.6706910026113239,-0.45051797686212014,1.6148461603434827,0.0855561665347787,1.8736214517867344,0,False,False,True,True,False,False,False,True
-1.0967562578319243,-0.20932196772479203,-1.2608197365879268,-0.6993627924998883,0.09817533302104273,0,False,False,True,True,False,False,True,False
0.9468546370555814,0.24785422738878563,-1.2608197365879268,-0.6993627924998883,-0.4705651356690141,0,True,False,False,True,False,False,True,False
-0.26826535449915173,0.2688645641258484,-0.9413013035955479,0.8704751255694457,1.9462288755357924,0,True,False,True,True,False,False,False,True
1.6096473597217993,-0.8615523694651626,0.6562908613663462,1.6553940846041129,0.6658280375987249,0,True,False,True,False,False,True,False,False
1.3887164521663933,-0.3034059793865868,0.975809294358725,0.0855561665347787,-0.8254175854011434,0,True,False,False,False,True,False,True,False
-0.7101271696099637,-0.48291423737637057,-0.30226443761079025,1.6553940846041129,-0.919568810904889,0,False,True,False,False,False,False,True,False
-0.26826535449915173,1.1896736612913246,-0.6217828706031691,0.0855561665347787,0.20015517664772278,0,True,False,True,True,False,False,False,True
-1.3729198922761818,0.03338479185550587,0.33677242837396737,0.8704751255694457,-0.14695195953464552,0,False,False,False,True,False,True,False,False
1.5544146328329478,-0.22936383475021782,1.6148461603434827,0.0855561665347787,0.6913988955687387,0,True,False,True,True,False,True,False,False
0.4497600950559178,-0.9342316881072554,1.6148461603434827,0.8704751255694457,0.4454654480846073,1,True,False,True,True,False,True,False,False
0.3392946412782148,-0.041339197662744076,0.6562908613663462,0.0855561665347787,0.035481167776893016,0,True,True,False,False,True,False,False,True
-1.7595489804981423,-0.9319688507632974,-0.9413013035955479,0.8704751255694457,3.767208663271576,1,False,False,True,True,False,False,False,False
-1.6490835267204393,-0.6151729445649583,-1.5803381695803056,-1.4842817515345554,-0.21283360555555525,0,True,False,False,False,True,False,False,False
-1.0967562578319243,-0.899395281386279,-1.5803381695803056,0.0855561665347787,-0.942505144005733,0,False,False,True,True,False,False,True,False
-0.26826535449915173,0.23210701324467906,0.975809294358725,0.0855561665347787,0.9216086398587179,0,False,True,False,False,True,False,True,False
1.6096473597217993,-0.8144504958643224,-1.2608197365879268,0.8704751255694457,-0.7493444870313831,0,True,True,False,False,False,False,True,False
1.3334837252775418,-0.520059072066356,-0.9413013035955479,0.0855561665347787,0.6265050930697458,1,True,False,False,True,False,False,False,False
1.4991819059440963,1.428360692915564,0.975809294358725,-1.4842817515345554,2.4966211252796873,1,True,True,False,False,True,False,False,True
0.8916219101667299,-0.8171425875581013,0.33677242837396737,-0.6993627924998883,0.27613255111562773,1,False,False,True,False,False,False,True,False
-0.4339635351657062,-0.28626622839466653,0.6562908613663462,1.6553940846041129,-0.04964880443840839,0,True,True,False,True,False,False,False,True
1.2782509983886903,-0.4690820046876717,0.33677242837396737,0.0855561665347787,-0.3783603292732182,0,False,False,False,True,False,False,True,False
0.007898279945105802,-1.0495340373478435,1.6148461603434827,0.0855561665347787,-0.5642242960349991,0,False,True,False,True,False,False,False,True
0.2840619143893633,0.6697532937265301,-1.2608197365879268,-0.6993627924998883,-0.5844172986453845,1,True,True,False,False,True,False,False,True
1.1125528177221358,-0.9906744635752027,1.6148461603434827,0.0855561665347787,0.06980675574792176,0,True,True,False,False,True,False,False,False
-1.4833853460538848,-0.3591473146630936,0.33677242837396737,-0.6993627924998883,0.5009993457575204,0,False,False,False,False,False,False,False,True
1.3887164521663933,-0.16066356451830807,-0.30226443761079025,0.0855561665347787,0.20967007242360294,0,False,True,False,False,True,True,False,False
0.6154582757224724,0.024447714771659593,1.9343645933358615,-0.6993627924998883,-0.8276844566971794,0,False,True,False,False,True,False,False,False
0.6706910026113239,0.21982111923193637,1.295327727351104,0.0855561665347787,-0.3053639620205778,1,True,False,True,True,False,False,True,False
-0.0473344469437457,-0.7469585705269713,-0.9413013035955479,-0.6993627924998883,0.7020642492123891,0,False,False,False,True,False,False,False,False
0.6706910026113239,-1.0586648611079643,-0.6217828706031691,0.8704751255694457,-0.3456638796962069,0,True,True,False,True,False,True,False,False
1.5544146328329478,0.35086072202580115,0.33677242837396737,-0.6993627924998883,-0.205424850265012,0,False,False,False,True,False,True,False,False
0.7811564563890269,-0.221885466942994,-0.9413013035955479,0.0855561665347787,0.5954954742009231,1,False,True,False,True,False,False,False,True
-0.6548944427211122,0.9291953050456584,0.33677242837396737,-0.6993627924998883,0.150319990809594,0,True,True,False,True,False,True,False,False
-0.9310580771653697,0.8340724351329061,0.975809294358725,-1.4842817515345554,-0.4809753914616629,1,False,True,False,True,False,True,False,False
1.1677855446109873,0.9789115679403172,0.33677242837396737,-0.6993627924998883,1.4846279319385858,0,True,False,True,False,False,True,False,False
-0.6548944427211122,-0.33612164469262074,0.33677242837396737,0.0855561665347787,-0.8773511286310717,1,True,False,True,False,False,True,False,False
-1.2072217116096273,-0.6211236830515185,-0.6217828706031691,-1.4842817515345554,3.767208663271576,1,False,False,True,False,False,False,True,False
1.4991819059440963,0.6633725129041295,-0.6217828706031691,0.0855561665347787,-0.9351241840589505,0,True,False,False,False,False,False,True,False
0.22882918750051182,-0.4063922426562598,0.017253995381588543,0.0855561665347787,-1.0616835455365226,0,True,False,False,True,False,False,False,False
0.1735964606116603,-0.8457639521064125,2.573401459320619,-1.4842817515345554,1.4275330098022228,0,False,False,True,False,False,False,False,True
0.11836373372280881,1.0642949359886171,-0.6217828706031691,-0.6993627924998883,-0.7597677630548324,0,True,False,False,True,False,False,True,False
-0.7653598964988152,1.2974831999535414,-0.6217828706031691,0.0855561665347787,0.406559211296301,1,True,True,False,False,False,True,False,False
-0.7101271696099637,-0.37572518289633333,-0.30226443761079025,-1.4842817515345554,0.8128800964038879,0,True,True,False,False,True,False,False,True
1.3334837252775418,-0.9827466015395967,0.33677242837396737,1.6553940846041129,1.1453335750189235,0,False,True,False,False,False,False,True,False
-0.8205926233876667,-0.5273649950986158,0.975809294358725,1.6553940846041129,3.767208663271576,0,True,False,True,False,False,False,False,False
0.7811564563890269,0.7287906614606279,-1.8998566025726844,-0.6993627924998883,-0.6834462879260638,0,False,False,False,True,False,True,False,False
0.4497600950559178,1.4949431136107887,-1.2608197365879268,0.0855561665347787,0.32764076077879434,1,False,False,True,False,False,False,False,True
0.8916219101667299,-0.8183138215092746,1.9343645933358615,0.8704751255694457,-0.9395644542071309,0,True,False,False,False,True,False,True,False
-1.0415235309430728,-0.9931319822102092,1.295327727351104,1.6553940846041129,-0.4858390984333571,1,True,True,False,True,False,False,False,True
-0.9862908040542212,1.2495130649027317,0.6562908613663462,0.8704751255694457,1.0599403215337562,1,True,False,True,True,False,False,True,False
-0.1025671738325972,-0.5245108042049532,-1.2608197365879268,-0.6993627924998883,-0.5584070005451901,0,False,False,False,False,False,False,False,False
-1.7595489804981423,-0.2072593778596939,0.33677242837396737,0.8704751255694457,-0.06343440722098212,0,True,False,False,True,False,True,False,False
1.1125528177221358,2.7367835363215947,-0.30226443761079025,-0.6993627924998883,-0.2831904073495207,1,True,True,False,True,False,False,False,False
1.1677855446109873,-0.9936162301025325,0.975809294358725,-0.6993627924998883,0.10011674894384506,0,True,False,True,True,False,True,False,False
1.1677855446109873,0.08525743217041042,0.975809294358725,-0.6993627924998883,3.0177273628221593,0,True,False,True,True,False,True,False,False
-1.6490835267204393,-0.984651362786442,1.295327727351104,0.8704751255694457,-1.0136721720900477,0,True,False,True,True,False,False,False,True
-0.9310580771653697,-0.5494528548307163,0.33677242837396737,-1.4842817515345554,-0.11003972286730707,0,False,True,False,True,False,False,True,False
-0.5444289889434092,0.7303494386967074,-0.30226443761079025,0.8704751255694457,1.1783571137263185,1,False,False,True,False,True,False,False,False
1.3334837252775418,-0.44171960390363607,-1.5803381695803056,-1.4842817515345554,-0.33329939450217205,0,True,True,False,False,False,False,False,False
-1.2072217116096273,3.3210685223259553,1.295327727351104,0.0855561665347787,-0.9859311070367623,0,True,True,False,False,True,False,False,False
-1.1519889847207758,-0.16472916246510186,-0.9413013035955479,-1.4842817515345554,-0.14525789650466317,1,True,True,False,True,False,False,False,True
-1.2624544384984788,-0.6416090943970575,-0.6217828706031691,-1.4842817515345554,-0.6205666119354838,1,True,False,False,True,False,False,False,True
-0.0473344469437457,-0.7949820222290233,-0.30226443761079025,-1.4842817515345554,-0.8876427130720417,0,False,False,True,False,False,False,False,True
-0.9310580771653697,-0.5927452557170634,-1.2608197365879268,-0.6993627924998883,1.0679056525010315,1,True,False,True,False,True,True,False,False
-1.3729198922761818,-0.5546359451195331,-0.30226443761079025,-0.6993627924998883,-0.24165278459347872,0,False,True,False,False,False,False,False,False
0.2840619143893633,-0.9910688190110691,0.6562908613663462,0.8704751255694457,1.9949454758258454,1,False,True,False,False,True,True,False,False
-1.1519889847207758,-0.5598359016127159,0.6562908613663462,-0.6993627924998883,0.7832379269672803,0,True,False,True,True,False,False,False,False
-0.4891962620545577,-0.3800062851301688,0.975809294358725,-1.4842817515345554,0.2619036163489891,0,False,True,False,False,False,False,False,False
-0.26826535449915173,0.34804319113783516,-0.9413013035955479,0.8704751255694457,-1.07306548738127,1,False,False,True,False,False,False,True,False
1.1125528177221358,0.11201366271601029,0.33677242837396737,0.0855561665347787,-0.4448873467514136,0,False,False,False,True,False,False,False,False
-1.3729198922761818,0.2937046762871028,-0.30226443761079025,-0.6993627924998883,-0.8289922251152262,1,False,True,False,False,False,False,False,True
1.3887164521663933,-1.0604664515813556,1.295327727351104,-0.6993627924998883,1.6652888434377107,0,True,False,True,False,True,False,False,True
-0.26826535449915173,-0.7984400819300599,-0.30226443761079025,0.8704751255694457,-0.860940551397818,1,True,True,False,False,True,False,False,True
0.1735964606116603,0.1280830703192937,-0.9413013035955479,0.8704751255694457,-0.696207946161551,1,False,False,True,False,True,False,True,False
-0.37873080827685474,-0.33849160142466067,0.017253995381588543,-0.6993627924998883,-0.2529003598277122,0,True,False,True,False,True,False,True,False
-1.3729198922761818,-1.0638608770405602,0.975809294358725,0.0855561665347787,-0.7317406724225685,1,True,True,False,True,False,True,False,False
1.3887164521663933,0.7341875240983373,0.6562908613663462,0.8704751255694457,-0.8113428598844152,0,True,False,False,False,False,False,False,False
1.4991819059440963,0.568179636135003,0.017253995381588543,0.0855561665347787,-0.040989714006515715,1,True,False,True,False,True,False,False,False
0.9468546370555814,-0.19108246452875627,0.017253995381588543,-0.6993627924998883,-0.9730409738763464,0,True,False,True,True,False,False,False,True
-0.26826535449915173,-0.993736289425772,1.6148461603434827,0.0855561665347787,-1.0107438598014609,1,False,False,True,False,False,False,False,True
-0.26826535449915173,0.5379744527229324,2.25388302632824,-0.6993627924998883,-0.550140409451147,0,True,False,False,False,False,False,False,True
0.22882918750051182,-0.10113706083441658,0.33677242837396737,0.0855561665347787,0.36922761522599745,0,True,False,False,True,False,False,False,True
0.4497600950559178,0.6136159544511128,-1.2608197365879268,1.6553940846041129,-0.15997288591802875,0,True,True,False,True,False,False,False,True
0.1735964606116603,0.470189207798504,-1.5803381695803056,-0.6993627924998883,-0.4546616585703428,0,True,False,False,False,True,False,False,True
-0.32349808138800323,0.7257817016192374,-0.30226443761079025,-1.4842817515345554,-0.13171110559532903,1,False,True,False,False,False,False,False,False
1.1677855446109873,-0.2631142467116128,-0.9413013035955479,-0.6993627924998883,-0.5623620640267843,0,False,True,False,False,False,False,True,False
-0.8758253502765182,-0.9026365794491921,-0.30226443761079025,1.6553940846041129,2.0448625065339505,0,False,False,False,True,False,False,False,True
-1.3176871653873303,0.15947246390571054,0.6562908613663462,0.0855561665347787,-1.0146704972434841,0,False,True,False,False,False,False,False,False
0.007898279945105802,0.0010421984786809387,0.017253995381588543,-1.4842817515345554,0.19171063473075206,0,True,False,False,False,True,False,False,True
1.1125528177221358,0.42871028265603256,-0.6217828706031691,-0.6993627924998883,1.4406550420526,0,False,True,False,False,False,True,False,False
-0.7101271696099637,-0.8639687488995459,-1.2608197365879268,-1.4842817515345554,0.770828509058222,1,True,False,False,True,False,True,False,False
-1.0967562578319243,-0.830042334061951,-0.9413013035955479,0.8704751255694457,-0.8478569061793791,1,True,False,False,True,False,False,False,False
-0.26826535449915173,1.3739415770493744,-1.8998566025726844,-0.6993627924998883,-0.680407953621055,0,True,True,False,False,True,False,True,False
0.8363891832778784,0.4623405650773679,-0.30226443761079025,0.0855561665347787,0.35462219978113585,0,True,False,True,False,True,True,False,False
-0.2130326276103002,1.5700648810377797,0.6562908613663462,0.0855561665347787,-0.9788322642881406,0,True,True,False,False,False,True,False,False
-1.0967562578319243,0.5016564300534577,-0.9413013035955479,0.8704751255694457,0.8179761147716647,0,False,False,False,False,False,False,True,False
0.7259237295001754,-0.06486043150309075,-0.30226443761079025,0.0855561665347787,0.3621063856936039,0,False,False,True,True,False,True,False,False
0.11836373372280881,0.10368428948886264,2.573401459320619,-0.6993627924998883,0.40616872487692296,1,False,True,False,False,True,False,False,True
1.5544146328329478,1.3610914671895378,-0.6217828706031691,1.6553940846041129,-0.9588556977131765,0,False,True,False,False,True,False,True,False
-1.4833853460538848,-0.11408851612024283,-1.2608197365879268,0.0855561665347787,0.3574852581861948,1,True,True,False,False,True,True,False,False
-0.8205926233876667,0.036304526571025335,0.975809294358725,0.0855561665347787,0.2142743802170291,0,False,False,True,False,False,False,True,False
1.0020873639444328,-0.8816729786070376,-0.6217828706031691,-0.6993627924998883,0.939258856123178,0,True,False,False,False,True,False,False,True
-1.5386180729427363,-0.3598488201323924,-0.30226443761079025,1.6553940846041129,-1.0305476912874953,0,False,True,False,True,False,True,False,False
0.7811564563890269,0.32305241497641923,0.017253995381588543,-0.6993627924998883,-1.052238147422343,0,True,True,False,True,False,False,False,False
-0.4339635351657062,-0.7204901183619388,1.6148461603434827,0.8704751255694457,-0.5487617297158817,0,True,True,False,False,False,True,False,False
-1.7043162536092908,-0.8200033735167961,0.975809294358725,0.0855561665347787,-0.8958804007503478,1,False,True,False,False,False,True,False,False
-1.2624544384984788,-0.6534879635276553,-2.219375035565063,-0.6993627924998883,-0.15081163636115025,0,True,True,False,False,True,False,False,True
1.2782509983886903,-0.7642461688436525,0.017253995381588543,-0.6993627924998883,1.7518924419094863,1,True,False,False,False,False,False,False,False
-0.1577999007214487,-0.8023250353286505,0.33677242837396737,-1.4842817515345554,-0.514807819316082,0,False,False,False,True,False,False,False,False
0.9468546370555814,-0.45841239233458164,2.573401459320619,-0.6993627924998883,1.037597519480717,0,True,True,False,False,True,False,False,False
1.4439491790552448,1.5653782136134256,-1.2608197365879268,-0.6993627924998883,-1.078512272596881,0,False,False,True,True,False,False,False,True
0.6706910026113239,-0.2879388211008455,0.017253995381588543,-0.6993627924998883,-0.8692586278889718,0,False,False,False,False,True,False,False,True
-1.5386180729427363,-0.8396858886543145,0.017253995381588543,0.8704751255694457,-1.0437067679045962,0,False,False,True,False,False,False,False,True
1.2230182714998388,-0.9812246184844843,0.017253995381588543,0.0855561665347787,-0.6272219946374027,0,True,False,False,False,True,False,False,True
1.2782509983886903,0.24685832653744705,0.33677242837396737,0.8704751255694457,1.6325654993490235,0,True,True,False,False,True,False,False,True
0.007898279945105802,-0.5364044359321426,1.295327727351104,-1.4842817515345554,-0.9629987830556721,0,True,False,False,True,False,False,False,False
1.1677855446109873,0.8368145197485048,0.017253995381588543,-0.6993627924998883,-0.02009465460242275,0,False,True,False,True,False,False,True,False
-1.7595489804981423,0.12100513398718184,0.33677242837396737,-0.6993627924998883,-0.3969137119692145,0,True,False,False,False,True,False,False,True
-0.8205926233876667,0.6884881418279423,-0.30226443761079025,2.44031304363878,2.0869175190283573,0,False,True,False,False,False,False,True,False
-0.0473344469437457,-0.7189680206670306,-1.2608197365879268,2.44031304363878,-0.9303898170143838,1,False,True,False,False,False,True,False,False
0.7811564563890269,0.23313142687312083,0.017253995381588543,0.8704751255694457,-0.8082302043271818,0,True,True,False,True,False,True,False,False
0.8916219101667299,-0.7308722614664025,-0.30226443761079025,0.8704751255694457,-1.0447386354794332,1,False,True,False,False,False,False,False,True
